[2026-08-25T09:08:29.007Z] {"timestamp":1787648907673,"kind":"scroll","url":"http://localhost:3000/","viewport":{"width":1707,"height":842},"payload":{"scrollX":0,"scrollY":76.44444274902344,"documentHeight":9229,"viewportHeight":842}}
[2026-08-25T09:08:29.007Z] {"timestamp":1787648908189,"kind":"scroll","url":"http://localhost:3000/","viewport":{"width":1707,"height":842},"payload":{"scrollX":0,"scrollY":36.44444274902344,"documentHeight":9229,"viewportHeight":842}}
[2026-08-25T09:08:31.009Z] {"timestamp":1787648909856,"kind":"scroll","url":"http://localhost:3000/","viewport":{"width":1707,"height":842},"payload":{"scrollX":0,"scrollY":103.11111450195312,"documentHeight":9229,"viewportHeight":842}}
[2026-08-25T09:08:31.010Z] {"timestamp":1787648910372,"kind":"scroll","url":"http://localhost:3000/","viewport":{"width":1707,"height":842},"payload":{"scrollX":0,"scrollY":928,"documentHeight":9229,"viewportHeight":842}}
[2026-08-25T09:08:33.008Z] {"timestamp":1787648911211,"kind":"scroll","url":"http://localhost:3000/","viewport":{"width":1707,"height":842},"payload":{"scrollX":0,"scrollY":1103.111083984375,"documentHeight":9229,"viewportHeight":842}}
[2026-08-25T09:08:39.015Z] {"timestamp":1787648917172,"kind":"scroll","url":"http://localhost:3000/","viewport":{"width":1707,"height":842},"payload":{"scrollX":0,"scrollY":82.66666412353516,"documentHeight":9229,"viewportHeight":842}}
[2026-08-25T09:08:39.015Z] {"timestamp":1787648918056,"kind":"scroll","url":"http://localhost:3000/","viewport":{"width":1707,"height":842},"payload":{"scrollX":0,"scrollY":690.6666870117188,"documentHeight":9229,"viewportHeight":842}}
[2026-08-25T09:08:39.015Z] {"timestamp":1787648918571,"kind":"scroll","url":"http://localhost:3000/","viewport":{"width":1707,"height":842},"payload":{"scrollX":0,"scrollY":1239.111083984375,"documentHeight":9229,"viewportHeight":842}}
[2026-08-25T09:08:41.013Z] {"timestamp":1787648919105,"kind":"scroll","url":"http://localhost:3000/","viewport":{"width":1707,"height":842},"payload":{"scrollX":0,"scrollY":1463.111083984375,"documentHeight":9229,"viewportHeight":842}}
[2026-08-25T09:08:41.013Z] {"timestamp":1787648919605,"kind":"scroll","url":"http://localhost:3000/","viewport":{"width":1707,"height":842},"payload":{"scrollX":0,"scrollY":1756.4444580078125,"documentHeight":9229,"viewportHeight":842}}
[2026-08-25T09:08:41.013Z] {"timestamp":1787648920605,"kind":"scroll","url":"http://localhost:3000/","viewport":{"width":1707,"height":842},"payload":{"scrollX":0,"scrollY":2048,"documentHeight":9229,"viewportHeight":842}}
[2026-08-25T09:08:43.007Z] {"timestamp":1787648921122,"kind":"scroll","url":"http://localhost:3000/","viewport":{"width":1707,"height":842},"payload":{"scrollX":0,"scrollY":2548.4443359375,"documentHeight":9229,"viewportHeight":842}}
[2026-08-25T09:08:43.007Z] {"timestamp":1787648921656,"kind":"scroll","url":"http://localhost:3000/","viewport":{"width":1707,"height":842},"payload":{"scrollX":0,"scrollY":2943.111083984375,"documentHeight":9229,"viewportHeight":842}}
[2026-08-25T09:08:43.007Z] {"timestamp":1787648922173,"kind":"scroll","url":"http://localhost:3000/","viewport":{"width":1707,"height":842},"payload":{"scrollX":0,"scrollY":3372.4443359375,"documentHeight":9229,"viewportHeight":842}}
[2026-08-25T09:08:43.007Z] {"timestamp":1787648922689,"kind":"scroll","url":"http://localhost:3000/","viewport":{"width":1707,"height":842},"payload":{"scrollX":0,"scrollY":3887.111083984375,"documentHeight":9229,"viewportHeight":842}}
[2026-08-25T09:08:45.009Z] {"timestamp":1787648923190,"kind":"scroll","url":"http://localhost:3000/","viewport":{"width":1707,"height":842},"payload":{"scrollX":0,"scrollY":4408,"documentHeight":9229,"viewportHeight":842}}
[2026-08-25T09:08:47.006Z] {"timestamp":1787648925040,"kind":"focusin","url":"http://localhost:3000/","viewport":{"width":1707,"height":842},"payload":{"target":{"tag":"button","id":null,"name":null,"type":null,"role":null,"ariaLabel":null,"testId":null,"dataLoc":"client\\src\\pages\\Home.tsx:66","href":null,"text":"View More Projects","selectorHint":"[data-loc=\"client\\src\\pages\\Home.tsx:66\"]"}}}
[2026-08-25T09:08:47.006Z] {"timestamp":1787648925257,"kind":"click","url":"http://localhost:3000/","viewport":{"width":1707,"height":842},"payload":{"target":{"tag":"button","id":null,"name":null,"type":null,"role":null,"ariaLabel":null,"testId":null,"dataLoc":"client\\src\\pages\\Home.tsx:66","href":null,"text":"View More Projects","selectorHint":"[data-loc=\"client\\src\\pages\\Home.tsx:66\"]"},"x":836,"y":75}}
[2026-08-25T09:08:47.006Z] {"timestamp":1787648925272,"kind":"focusout","url":"http://localhost:3000/","viewport":{"width":1707,"height":842},"payload":{"target":{"tag":"button","id":null,"name":null,"type":null,"role":null,"ariaLabel":null,"testId":null,"dataLoc":"client\\src\\pages\\Home.tsx:66","href":null,"text":"View More Projects","selectorHint":"[data-loc=\"client\\src\\pages\\Home.tsx:66\"]"},"value":null}}
[2026-08-25T09:08:47.006Z] {"timestamp":1787648926188,"kind":"scroll","url":"http://localhost:3000/","viewport":{"width":1707,"height":842},"payload":{"scrollX":0,"scrollY":4807.111328125,"documentHeight":9549,"viewportHeight":842}}
[2026-08-25T09:08:47.006Z] {"timestamp":1787648926689,"kind":"scroll","url":"http://localhost:3000/","viewport":{"width":1707,"height":842},"payload":{"scrollX":0,"scrollY":5345.77783203125,"documentHeight":9549,"viewportHeight":842}}
[2026-08-25T09:08:49.009Z] {"timestamp":1787648927189,"kind":"scroll","url":"http://localhost:3000/","viewport":{"width":1707,"height":842},"payload":{"scrollX":0,"scrollY":5773.33349609375,"documentHeight":9549,"viewportHeight":842}}
[2026-08-25T09:08:49.009Z] {"timestamp":1787648927705,"kind":"scroll","url":"http://localhost:3000/","viewport":{"width":1707,"height":842},"payload":{"scrollX":0,"scrollY":5962.66650390625,"documentHeight":9549,"viewportHeight":842}}
[2026-08-25T09:08:49.009Z] {"timestamp":1787648928254,"kind":"scroll","url":"http://localhost:3000/","viewport":{"width":1707,"height":842},"payload":{"scrollX":0,"scrollY":6017.77783203125,"documentHeight":9549,"viewportHeight":842}}
[2026-08-25T09:08:49.009Z] {"timestamp":1787648928788,"kind":"scroll","url":"http://localhost:3000/","viewport":{"width":1707,"height":842},"payload":{"scrollX":0,"scrollY":6452.4443359375,"documentHeight":9549,"viewportHeight":842}}
[2026-08-25T09:08:51.005Z] {"timestamp":1787648929672,"kind":"scroll","url":"http://localhost:3000/","viewport":{"width":1707,"height":842},"payload":{"scrollX":0,"scrollY":6764.4443359375,"documentHeight":9549,"viewportHeight":842}}
[2026-08-25T09:08:51.006Z] {"timestamp":1787648930187,"kind":"scroll","url":"http://localhost:3000/","viewport":{"width":1707,"height":842},"payload":{"scrollX":0,"scrollY":7090.66650390625,"documentHeight":9549,"viewportHeight":842}}
[2026-08-25T09:08:51.006Z] {"timestamp":1787648930687,"kind":"scroll","url":"http://localhost:3000/","viewport":{"width":1707,"height":842},"payload":{"scrollX":0,"scrollY":7369.77783203125,"documentHeight":9549,"viewportHeight":842}}
[2026-08-25T09:08:53.007Z] {"timestamp":1787648931954,"kind":"scroll","url":"http://localhost:3000/","viewport":{"width":1707,"height":842},"payload":{"scrollX":0,"scrollY":7449.77783203125,"documentHeight":9549,"viewportHeight":842}}
[2026-08-25T09:08:55.006Z] {"timestamp":1787648933022,"kind":"scroll","url":"http://localhost:3000/","viewport":{"width":1707,"height":842},"payload":{"scrollX":0,"scrollY":7636.4443359375,"documentHeight":9549,"viewportHeight":842}}
[2026-08-25T09:08:55.006Z] {"timestamp":1787648933538,"kind":"scroll","url":"http://localhost:3000/","viewport":{"width":1707,"height":842},"payload":{"scrollX":0,"scrollY":7887.111328125,"documentHeight":9549,"viewportHeight":842}}
[2026-08-25T09:08:55.006Z] {"timestamp":1787648934039,"kind":"scroll","url":"http://localhost:3000/","viewport":{"width":1707,"height":842},"payload":{"scrollX":0,"scrollY":8047.111328125,"documentHeight":9549,"viewportHeight":842}}
[2026-08-25T09:08:55.006Z] {"timestamp":1787648934571,"kind":"scroll","url":"http://localhost:3000/","viewport":{"width":1707,"height":842},"payload":{"scrollX":0,"scrollY":8409.77734375,"documentHeight":9549,"viewportHeight":842}}
[2026-08-25T09:08:57.006Z] {"timestamp":1787648936522,"kind":"scroll","url":"http://localhost:3000/","viewport":{"width":1707,"height":842},"payload":{"scrollX":0,"scrollY":8630.22265625,"documentHeight":9549,"viewportHeight":842}}
[2026-08-25T09:09:01.009Z] {"timestamp":1787648939612,"kind":"focusin","url":"http://localhost:3000/","viewport":{"width":1707,"height":842},"payload":{"target":{"tag":"a","id":null,"name":null,"type":null,"role":null,"ariaLabel":null,"testId":null,"dataLoc":"client\\src\\pages\\Home.tsx:79","href":"#top","text":"Back to top ↑","selectorHint":"[data-loc=\"client\\src\\pages\\Home.tsx:79\"]"}}}
[2026-08-25T09:09:01.009Z] {"timestamp":1787648939838,"kind":"click","url":"http://localhost:3000/","viewport":{"width":1707,"height":842},"payload":{"target":{"tag":"a","id":null,"name":null,"type":null,"role":null,"ariaLabel":null,"testId":null,"dataLoc":"client\\src\\pages\\Home.tsx:79","href":"#top","text":"Back to top ↑","selectorHint":"[data-loc=\"client\\src\\pages\\Home.tsx:79\"]"},"x":1388,"y":824}}
[2026-08-25T09:09:01.009Z] {"timestamp":1787648939839,"kind":"navigate","url":"http://localhost:3000/#top","viewport":{"width":1707,"height":842},"payload":{"reason":"popstate"}}
[2026-08-25T09:09:01.009Z] {"timestamp":1787648939839,"kind":"focusout","url":"http://localhost:3000/#top","viewport":{"width":1707,"height":842},"payload":{"target":{"tag":"a","id":null,"name":null,"type":null,"role":null,"ariaLabel":null,"testId":null,"dataLoc":"client\\src\\pages\\Home.tsx:79","href":"#top","text":"Back to top ↑","selectorHint":"[data-loc=\"client\\src\\pages\\Home.tsx:79\"]"},"value":null}}
[2026-08-25T09:09:01.009Z] {"timestamp":1787648939855,"kind":"navigate","url":"http://localhost:3000/#top","viewport":{"width":1707,"height":842},"payload":{"reason":"hashchange"}}
[2026-08-25T09:09:01.009Z] {"timestamp":1787648939870,"kind":"scroll","url":"http://localhost:3000/#top","viewport":{"width":1707,"height":842},"payload":{"scrollX":0,"scrollY":8705.77734375,"documentHeight":9549,"viewportHeight":842}}
[2026-08-25T09:09:01.009Z] {"timestamp":1787648940371,"kind":"scroll","url":"http://localhost:3000/#top","viewport":{"width":1707,"height":842},"payload":{"scrollX":0,"scrollY":2892.4443359375,"documentHeight":9549,"viewportHeight":842}}
[2026-08-25T09:09:01.009Z] {"timestamp":1787648940886,"kind":"scroll","url":"http://localhost:3000/#top","viewport":{"width":1707,"height":842},"payload":{"scrollX":0,"scrollY":437.3333435058594,"documentHeight":9549,"viewportHeight":842}}
[2026-08-25T09:09:03.004Z] {"timestamp":1787648941788,"kind":"scroll","url":"http://localhost:3000/#top","viewport":{"width":1707,"height":842},"payload":{"scrollX":0,"scrollY":57.77777862548828,"documentHeight":9549,"viewportHeight":842}}
[2026-08-25T09:09:05.021Z] {"timestamp":1787648944779,"kind":"focusin","url":"http://localhost:3000/#top","viewport":{"width":1707,"height":842},"payload":{"target":{"tag":"a","id":null,"name":null,"type":null,"role":null,"ariaLabel":null,"testId":null,"dataLoc":"client\\src\\pages\\Home.tsx:54","href":"#work","text":"Work","selectorHint":"[data-loc=\"client\\src\\pages\\Home.tsx:54\"]"}}}
[2026-08-25T09:09:05.021Z] {"timestamp":1787648944998,"kind":"click","url":"http://localhost:3000/#top","viewport":{"width":1707,"height":842},"payload":{"target":{"tag":"a","id":null,"name":null,"type":null,"role":null,"ariaLabel":null,"testId":null,"dataLoc":"client\\src\\pages\\Home.tsx:54","href":"#work","text":"Work","selectorHint":"[data-loc=\"client\\src\\pages\\Home.tsx:54\"]"},"x":1256,"y":25}}
[2026-08-25T09:09:05.021Z] {"timestamp":1787648945002,"kind":"navigate","url":"http://localhost:3000/#work","viewport":{"width":1707,"height":842},"payload":{"reason":"popstate"}}
[2026-08-25T09:09:05.021Z] {"timestamp":1787648945002,"kind":"focusout","url":"http://localhost:3000/#work","viewport":{"width":1707,"height":842},"payload":{"target":{"tag":"a","id":null,"name":null,"type":null,"role":null,"ariaLabel":null,"testId":null,"dataLoc":"client\\src\\pages\\Home.tsx:54","href":"#work","text":"Work","selectorHint":"[data-loc=\"client\\src\\pages\\Home.tsx:54\"]"},"value":null}}
[2026-08-25T09:09:05.021Z] {"timestamp":1787648945004,"kind":"navigate","url":"http://localhost:3000/#work","viewport":{"width":1707,"height":842},"payload":{"reason":"hashchange"}}
[2026-08-25T09:09:07.006Z] {"timestamp":1787648945020,"kind":"scroll","url":"http://localhost:3000/#work","viewport":{"width":1707,"height":842},"payload":{"scrollX":0,"scrollY":1.7777777910232544,"documentHeight":9549,"viewportHeight":842}}
[2026-08-25T09:09:07.006Z] {"timestamp":1787648945521,"kind":"scroll","url":"http://localhost:3000/#work","viewport":{"width":1707,"height":842},"payload":{"scrollX":0,"scrollY":1968.888916015625,"documentHeight":9549,"viewportHeight":842}}
[2026-08-25T09:09:07.006Z] {"timestamp":1787648946037,"kind":"scroll","url":"http://localhost:3000/#work","viewport":{"width":1707,"height":842},"payload":{"scrollX":0,"scrollY":1363.5555419921875,"documentHeight":9549,"viewportHeight":842}}
[2026-08-25T09:11:01.011Z] {"timestamp":1787649059222,"kind":"scroll","url":"http://localhost:3000/#work","viewport":{"width":847,"height":861},"payload":{"scrollX":0,"scrollY":47.11111068725586,"documentHeight":10764,"viewportHeight":861}}
[2026-08-25T09:11:05.182Z] {"timestamp":1787649063206,"kind":"scroll","url":"http://localhost:3000/#work","viewport":{"width":963,"height":861},"payload":{"scrollX":0,"scrollY":329.77777099609375,"documentHeight":9260,"viewportHeight":861}}
[2026-08-25T09:11:05.182Z] {"timestamp":1787649063734,"kind":"scroll","url":"http://localhost:3000/#work","viewport":{"width":1149,"height":861},"payload":{"scrollX":0,"scrollY":340.4444580078125,"documentHeight":9273,"viewportHeight":861}}
[2026-08-25T09:11:05.183Z] {"timestamp":1787649064524,"kind":"scroll","url":"http://localhost:3000/#work","viewport":{"width":1146,"height":861},"payload":{"scrollX":0,"scrollY":341.3333435058594,"documentHeight":9269,"viewportHeight":861}}
[2026-08-25T09:11:09.004Z] {"timestamp":1787649067450,"kind":"scroll","url":"http://localhost:3000/#work","viewport":{"width":797,"height":861},"payload":{"scrollX":0,"scrollY":348.4444580078125,"documentHeight":10897,"viewportHeight":861}}
[2026-08-25T09:11:09.004Z] {"timestamp":1787649067966,"kind":"scroll","url":"http://localhost:3000/#work","viewport":{"width":797,"height":861},"payload":{"scrollX":0,"scrollY":1095.111083984375,"documentHeight":10897,"viewportHeight":861}}
[2026-08-25T09:11:09.004Z] {"timestamp":1787649068466,"kind":"scroll","url":"http://localhost:3000/#work","viewport":{"width":797,"height":861},"payload":{"scrollX":0,"scrollY":1559.111083984375,"documentHeight":10897,"viewportHeight":861}}
[2026-08-25T09:11:09.004Z] {"timestamp":1787649068967,"kind":"scroll","url":"http://localhost:3000/#work","viewport":{"width":797,"height":861},"payload":{"scrollX":0,"scrollY":2431.111083984375,"documentHeight":10897,"viewportHeight":861}}
[2026-08-25T09:11:11.005Z] {"timestamp":1787649069550,"kind":"scroll","url":"http://localhost:3000/#work","viewport":{"width":797,"height":861},"payload":{"scrollX":0,"scrollY":3018.666748046875,"documentHeight":10897,"viewportHeight":861}}
[2026-08-25T09:11:11.005Z] {"timestamp":1787649070818,"kind":"scroll","url":"http://localhost:3000/#work","viewport":{"width":797,"height":861},"payload":{"scrollX":0,"scrollY":2445.333251953125,"documentHeight":10897,"viewportHeight":861}}
[2026-08-25T09:11:13.014Z] {"timestamp":1787649071333,"kind":"scroll","url":"http://localhost:3000/#work","viewport":{"width":797,"height":861},"payload":{"scrollX":0,"scrollY":2098.666748046875,"documentHeight":10897,"viewportHeight":861}}
[2026-08-25T09:11:13.014Z] {"timestamp":1787649071833,"kind":"scroll","url":"http://localhost:3000/#work","viewport":{"width":797,"height":861},"payload":{"scrollX":0,"scrollY":2337.77783203125,"documentHeight":10897,"viewportHeight":861}}
[2026-08-25T09:11:13.014Z] {"timestamp":1787649072383,"kind":"scroll","url":"http://localhost:3000/#work","viewport":{"width":797,"height":861},"payload":{"scrollX":0,"scrollY":2594.666748046875,"documentHeight":10897,"viewportHeight":861}}
[2026-08-25T09:11:15.004Z] {"timestamp":1787649073167,"kind":"scroll","url":"http://localhost:3000/#work","viewport":{"width":797,"height":861},"payload":{"scrollX":0,"scrollY":3009.77783203125,"documentHeight":10897,"viewportHeight":861}}
[2026-08-25T09:11:15.004Z] {"timestamp":1787649073667,"kind":"scroll","url":"http://localhost:3000/#work","viewport":{"width":797,"height":861},"payload":{"scrollX":0,"scrollY":3749.333251953125,"documentHeight":10897,"viewportHeight":861}}
[2026-08-25T09:11:15.004Z] {"timestamp":1787649074285,"kind":"scroll","url":"http://localhost:3000/#work","viewport":{"width":797,"height":861},"payload":{"scrollX":0,"scrollY":4185.77783203125,"documentHeight":10897,"viewportHeight":861}}
[2026-08-25T09:11:15.004Z] {"timestamp":1787649074800,"kind":"scroll","url":"http://localhost:3000/#work","viewport":{"width":797,"height":861},"payload":{"scrollX":0,"scrollY":4895.111328125,"documentHeight":10897,"viewportHeight":861}}
[2026-08-25T09:11:17.016Z] {"timestamp":1787649075302,"kind":"scroll","url":"http://localhost:3000/#work","viewport":{"width":797,"height":861},"payload":{"scrollX":0,"scrollY":5362.66650390625,"documentHeight":10897,"viewportHeight":861}}
[2026-08-25T09:11:17.016Z] {"timestamp":1787649075801,"kind":"scroll","url":"http://localhost:3000/#work","viewport":{"width":797,"height":861},"payload":{"scrollX":0,"scrollY":6130.66650390625,"documentHeight":10897,"viewportHeight":861}}
[2026-08-25T09:11:17.016Z] {"timestamp":1787649076668,"kind":"scroll","url":"http://localhost:3000/#work","viewport":{"width":797,"height":861},"payload":{"scrollX":0,"scrollY":6306.66650390625,"documentHeight":10897,"viewportHeight":861}}
[2026-08-25T09:11:19.007Z] {"timestamp":1787649077169,"kind":"scroll","url":"http://localhost:3000/#work","viewport":{"width":797,"height":861},"payload":{"scrollX":0,"scrollY":6968,"documentHeight":10897,"viewportHeight":861}}
[2026-08-25T09:11:21.009Z] {"timestamp":1787649079066,"kind":"scroll","url":"http://localhost:3000/#work","viewport":{"width":797,"height":861},"payload":{"scrollX":0,"scrollY":7000,"documentHeight":10897,"viewportHeight":861}}
[2026-08-25T09:11:21.009Z] {"timestamp":1787649079867,"kind":"scroll","url":"http://localhost:3000/#work","viewport":{"width":797,"height":861},"payload":{"scrollX":0,"scrollY":7338.66650390625,"documentHeight":10897,"viewportHeight":861}}
[2026-08-25T09:22:01.009Z] {"timestamp":1787649720196,"kind":"scroll","url":"http://localhost:3000/#work","viewport":{"width":1707,"height":842},"payload":{"scrollX":0,"scrollY":7757.33349609375,"documentHeight":9549,"viewportHeight":842}}
[2026-08-25T09:22:01.009Z] {"timestamp":1787649720707,"kind":"scroll","url":"http://localhost:3000/#work","viewport":{"width":1707,"height":842},"payload":{"scrollX":0,"scrollY":4999.111328125,"documentHeight":9549,"viewportHeight":842}}
[2026-08-25T09:22:03.009Z] {"timestamp":1787649721207,"kind":"scroll","url":"http://localhost:3000/#work","viewport":{"width":1707,"height":842},"payload":{"scrollX":0,"scrollY":3221.333251953125,"documentHeight":9549,"viewportHeight":842}}
[2026-08-25T09:22:03.009Z] {"timestamp":1787649721723,"kind":"scroll","url":"http://localhost:3000/#work","viewport":{"width":1707,"height":842},"payload":{"scrollX":0,"scrollY":2785.77783203125,"documentHeight":9549,"viewportHeight":842}}
[2026-08-25T09:22:03.009Z] {"timestamp":1787649722224,"kind":"scroll","url":"http://localhost:3000/#work","viewport":{"width":1707,"height":842},"payload":{"scrollX":0,"scrollY":922.6666870117188,"documentHeight":9549,"viewportHeight":842}}
[2026-08-25T09:22:03.009Z] {"timestamp":1787649722724,"kind":"scroll","url":"http://localhost:3000/#work","viewport":{"width":1707,"height":842},"payload":{"scrollX":0,"scrollY":127.11111450195312,"documentHeight":9549,"viewportHeight":842}}
[2026-08-25T09:22:35.006Z] {"timestamp":1787649753706,"kind":"scroll","url":"http://localhost:3000/#work","viewport":{"width":1707,"height":842},"payload":{"scrollX":0,"scrollY":45.33333206176758,"documentHeight":9549,"viewportHeight":842}}
[2026-08-25T09:22:35.006Z] {"timestamp":1787649754222,"kind":"scroll","url":"http://localhost:3000/#work","viewport":{"width":1707,"height":842},"payload":{"scrollX":0,"scrollY":589.3333129882812,"documentHeight":9549,"viewportHeight":842}}
[2026-08-25T09:52:34.408Z] {"timestamp":1787651552690,"kind":"scroll","url":"http://localhost:3000/","viewport":{"width":926,"height":411},"payload":{"scrollX":0,"scrollY":18,"documentHeight":8947,"viewportHeight":411}}
[2026-08-25T09:53:03.022Z] {"timestamp":1787651581173,"kind":"scroll","url":"http://localhost:3000/","viewport":{"width":926,"height":411},"payload":{"scrollX":0,"scrollY":36,"documentHeight":8947,"viewportHeight":411}}
[2026-08-25T09:54:44.566Z] {"timestamp":1787651682745,"kind":"scroll","url":"http://localhost:3000/","viewport":{"width":926,"height":411},"payload":{"scrollX":0,"scrollY":54,"documentHeight":8947,"viewportHeight":411}}
[2026-08-25T09:55:07.731Z] {"timestamp":1787651707494,"kind":"scroll","url":"http://localhost:3000/#work","viewport":{"width":1707,"height":842},"payload":{"scrollX":0,"scrollY":124.44444274902344,"documentHeight":9229,"viewportHeight":842}}
[2026-08-25T09:55:09.717Z] {"timestamp":1787651708008,"kind":"scroll","url":"http://localhost:3000/#work","viewport":{"width":1707,"height":842},"payload":{"scrollX":0,"scrollY":1024,"documentHeight":9229,"viewportHeight":842}}
[2026-08-25T09:55:09.717Z] {"timestamp":1787651708525,"kind":"scroll","url":"http://localhost:3000/#work","viewport":{"width":1707,"height":842},"payload":{"scrollX":0,"scrollY":1650.6666259765625,"documentHeight":9229,"viewportHeight":842}}
[2026-08-25T09:55:09.717Z] {"timestamp":1787651709056,"kind":"scroll","url":"http://localhost:3000/#work","viewport":{"width":1707,"height":842},"payload":{"scrollX":0,"scrollY":1705.77783203125,"documentHeight":9229,"viewportHeight":842}}
[2026-08-25T09:55:09.717Z] {"timestamp":1787651709556,"kind":"scroll","url":"http://localhost:3000/#work","viewport":{"width":1707,"height":842},"payload":{"scrollX":0,"scrollY":192,"documentHeight":9229,"viewportHeight":842}}
[2026-08-25T09:58:07.427Z] {"timestamp":1787651885630,"kind":"scroll","url":"http://localhost:3000/","viewport":{"width":926,"height":411},"payload":{"scrollX":0,"scrollY":72,"documentHeight":8947,"viewportHeight":411}}
[2026-08-25T10:00:07.451Z] {"timestamp":1787652007163,"kind":"scroll","url":"http://localhost:3000/","viewport":{"width":1707,"height":842},"payload":{"scrollX":0,"scrollY":49.77777862548828,"documentHeight":9229,"viewportHeight":842}}
[2026-08-25T10:00:09.439Z] {"timestamp":1787652009184,"kind":"click","url":"http://localhost:3000/","viewport":{"width":1707,"height":842},"payload":{"target":{"tag":"img","id":null,"name":null,"type":null,"role":null,"ariaLabel":null,"testId":null,"dataLoc":"client\\src\\pages\\Home.tsx:57","href":null,"text":"","selectorHint":"[data-loc=\"client\\src\\pages\\Home.tsx:57\"]"},"x":954,"y":160}}
[2026-08-25T10:00:09.440Z] {"timestamp":1787652009408,"kind":"click","url":"http://localhost:3000/","viewport":{"width":1707,"height":842},"payload":{"target":{"tag":"img","id":null,"name":null,"type":null,"role":null,"ariaLabel":null,"testId":null,"dataLoc":"client\\src\\pages\\Home.tsx:57","href":null,"text":"","selectorHint":"[data-loc=\"client\\src\\pages\\Home.tsx:57\"]"},"x":954,"y":160}}
[2026-08-25T10:01:04.248Z] {"timestamp":1787652062066,"kind":"focusin","url":"http://localhost:3000/","viewport":{"width":1707,"height":842},"payload":{"target":{"tag":"a","id":null,"name":null,"type":null,"role":null,"ariaLabel":null,"testId":null,"dataLoc":"client\\src\\pages\\Home.tsx:57","href":"/manus-storage/resume_cd3c91c4.pdf","text":"Download Resume","selectorHint":"[data-loc=\"client\\src\\pages\\Home.tsx:57\"]"}}}
[2026-08-25T10:01:04.248Z] {"timestamp":1787652062280,"kind":"click","url":"http://localhost:3000/","viewport":{"width":1707,"height":842},"payload":{"target":{"tag":"a","id":null,"name":null,"type":null,"role":null,"ariaLabel":null,"testId":null,"dataLoc":"client\\src\\pages\\Home.tsx:57","href":"/manus-storage/resume_cd3c91c4.pdf","text":"Download Resume","selectorHint":"[data-loc=\"client\\src\\pages\\Home.tsx:57\"]"},"x":518,"y":523}}
[2026-08-25T10:01:04.249Z] {"timestamp":1787652062372,"kind":"focusout","url":"http://localhost:3000/","viewport":{"width":1707,"height":842},"payload":{"target":{"tag":"a","id":null,"name":null,"type":null,"role":null,"ariaLabel":null,"testId":null,"dataLoc":"client\\src\\pages\\Home.tsx:57","href":"/manus-storage/resume_cd3c91c4.pdf","text":"Download Resume","selectorHint":"[data-loc=\"client\\src\\pages\\Home.tsx:57\"]"},"value":null}}
[2026-08-25T10:01:05.479Z] {"timestamp":1787652064544,"kind":"focusin","url":"http://localhost:3000/","viewport":{"width":1707,"height":842},"payload":{"target":{"tag":"a","id":null,"name":null,"type":null,"role":null,"ariaLabel":null,"testId":null,"dataLoc":"client\\src\\pages\\Home.tsx:57","href":"/manus-storage/resume_cd3c91c4.pdf","text":"Download Resume","selectorHint":"[data-loc=\"client\\src\\pages\\Home.tsx:57\"]"}}}
[2026-08-25T10:01:08.252Z] {"timestamp":1787652065733,"kind":"focusout","url":"http://localhost:3000/","viewport":{"width":1707,"height":842},"payload":{"target":{"tag":"a","id":null,"name":null,"type":null,"role":null,"ariaLabel":null,"testId":null,"dataLoc":"client\\src\\pages\\Home.tsx:57","href":"/manus-storage/resume_cd3c91c4.pdf","text":"Download Resume","selectorHint":"[data-loc=\"client\\src\\pages\\Home.tsx:57\"]"},"value":null}}
[2026-08-25T10:01:19.478Z] {"timestamp":1787652078576,"kind":"focusin","url":"http://localhost:3000/","viewport":{"width":1707,"height":842},"payload":{"target":{"tag":"a","id":null,"name":null,"type":null,"role":null,"ariaLabel":null,"testId":null,"dataLoc":"client\\src\\pages\\Home.tsx:57","href":"/manus-storage/resume_cd3c91c4.pdf","text":"Download Resume","selectorHint":"[data-loc=\"client\\src\\pages\\Home.tsx:57\"]"}}}
[2026-08-25T12:52:50.679Z] {"timestamp":1787662368220,"kind":"scroll","url":"http://localhost:3000/","viewport":{"width":916,"height":402},"payload":{"scrollX":0,"scrollY":18,"documentHeight":8965,"viewportHeight":402}}
[2026-08-25T12:52:52.458Z] {"timestamp":1787662370620,"kind":"scroll","url":"http://localhost:3000/","viewport":{"width":916,"height":402},"payload":{"scrollX":0,"scrollY":18,"documentHeight":8965,"viewportHeight":402}}
[2026-08-25T13:01:12.937Z] {"timestamp":1787662872169,"kind":"scroll","url":"http://localhost:3000/","viewport":{"width":1707,"height":842},"payload":{"scrollX":0,"scrollY":241.77777099609375,"documentHeight":9229,"viewportHeight":842}}
[2026-08-25T13:01:12.937Z] {"timestamp":1787662872684,"kind":"scroll","url":"http://localhost:3000/","viewport":{"width":1707,"height":842},"payload":{"scrollX":0,"scrollY":2911.111083984375,"documentHeight":9229,"viewportHeight":842}}
[2026-08-25T13:01:14.945Z] {"timestamp":1787662873187,"kind":"scroll","url":"http://localhost:3000/","viewport":{"width":1707,"height":842},"payload":{"scrollX":0,"scrollY":6053.33349609375,"documentHeight":9229,"viewportHeight":842}}
[2026-08-25T13:01:29.348Z] {"timestamp":1787662887513,"kind":"scroll","url":"http://localhost:3000/","viewport":{"width":1707,"height":842},"payload":{"scrollX":0,"scrollY":8387.5556640625,"documentHeight":9229,"viewportHeight":842}}
[2026-08-25T13:01:43.344Z] {"timestamp":1787662901868,"kind":"scroll","url":"http://localhost:3000/","viewport":{"width":1707,"height":842},"payload":{"scrollX":0,"scrollY":8368,"documentHeight":9229,"viewportHeight":842}}
[2026-08-25T13:01:43.344Z] {"timestamp":1787662902383,"kind":"scroll","url":"http://localhost:3000/","viewport":{"width":1707,"height":842},"payload":{"scrollX":0,"scrollY":8200,"documentHeight":9229,"viewportHeight":842}}
[2026-08-25T13:02:17.350Z] {"timestamp":1787662935514,"kind":"scroll","url":"http://localhost:3000/","viewport":{"width":1707,"height":842},"payload":{"scrollX":0,"scrollY":8144,"documentHeight":9229,"viewportHeight":842}}
[2026-08-25T13:03:39.348Z] {"timestamp":1787663018831,"kind":"scroll","url":"http://localhost:3000/","viewport":{"width":1707,"height":842},"payload":{"scrollX":0,"scrollY":7968.888671875,"documentHeight":9229,"viewportHeight":842}}
[2026-08-25T13:03:41.346Z] {"timestamp":1787663019517,"kind":"scroll","url":"http://localhost:3000/","viewport":{"width":1707,"height":842},"payload":{"scrollX":0,"scrollY":7336.888671875,"documentHeight":9229,"viewportHeight":842}}
[2026-08-25T13:03:41.346Z] {"timestamp":1787663020029,"kind":"scroll","url":"http://localhost:3000/","viewport":{"width":1707,"height":842},"payload":{"scrollX":0,"scrollY":7930.66650390625,"documentHeight":9229,"viewportHeight":842}}
[2026-08-25T13:03:41.346Z] {"timestamp":1787663020546,"kind":"scroll","url":"http://localhost:3000/","viewport":{"width":1707,"height":842},"payload":{"scrollX":0,"scrollY":8277.3330078125,"documentHeight":9229,"viewportHeight":842}}
[2026-08-25T13:04:15.345Z] {"timestamp":1787663054412,"kind":"scroll","url":"http://localhost:3000/","viewport":{"width":1707,"height":842},"payload":{"scrollX":0,"scrollY":7840.888671875,"documentHeight":9229,"viewportHeight":842}}
[2026-08-25T13:05:21.351Z] {"timestamp":1787663121258,"kind":"scroll","url":"http://localhost:3000/","viewport":{"width":1707,"height":842},"payload":{"scrollX":0,"scrollY":7216.888671875,"documentHeight":9229,"viewportHeight":842}}
[2026-08-25T13:06:01.344Z] {"timestamp":1787663159874,"kind":"scroll","url":"http://localhost:3000/","viewport":{"width":1707,"height":842},"payload":{"scrollX":0,"scrollY":7024.888671875,"documentHeight":9229,"viewportHeight":842}}
[2026-08-25T13:06:17.353Z] {"timestamp":1787663175640,"kind":"scroll","url":"http://localhost:3000/","viewport":{"width":1707,"height":842},"payload":{"scrollX":0,"scrollY":7373.33349609375,"documentHeight":9229,"viewportHeight":842}}
[2026-08-25T13:06:17.353Z] {"timestamp":1787663176140,"kind":"scroll","url":"http://localhost:3000/","viewport":{"width":1707,"height":842},"payload":{"scrollX":0,"scrollY":6616.888671875,"documentHeight":9229,"viewportHeight":842}}
[2026-08-25T13:06:17.353Z] {"timestamp":1787663176673,"kind":"scroll","url":"http://localhost:3000/","viewport":{"width":1707,"height":842},"payload":{"scrollX":0,"scrollY":6574.22216796875,"documentHeight":9229,"viewportHeight":842}}
[2026-08-25T13:06:19.342Z] {"timestamp":1787663178222,"kind":"scroll","url":"http://localhost:3000/","viewport":{"width":1707,"height":842},"payload":{"scrollX":0,"scrollY":6534.22216796875,"documentHeight":9229,"viewportHeight":842}}
[2026-08-25T13:06:39.345Z] {"timestamp":1787663198840,"kind":"scroll","url":"http://localhost:3000/","viewport":{"width":1707,"height":842},"payload":{"scrollX":0,"scrollY":6290.66650390625,"documentHeight":9229,"viewportHeight":842}}
[2026-08-25T13:06:41.340Z] {"timestamp":1787663199340,"kind":"scroll","url":"http://localhost:3000/","viewport":{"width":1707,"height":842},"payload":{"scrollX":0,"scrollY":5803.5556640625,"documentHeight":9229,"viewportHeight":842}}
[2026-08-25T13:06:41.340Z] {"timestamp":1787663199854,"kind":"scroll","url":"http://localhost:3000/","viewport":{"width":1707,"height":842},"payload":{"scrollX":0,"scrollY":5728.888671875,"documentHeight":9229,"viewportHeight":842}}
[2026-08-25T13:08:01.850Z] {"timestamp":1787663280006,"kind":"scroll","url":"http://localhost:3000/","viewport":{"width":1707,"height":842},"payload":{"scrollX":0,"scrollY":5737.77783203125,"documentHeight":9229,"viewportHeight":842}}
[2026-08-25T13:08:03.846Z] {"timestamp":1787663283207,"kind":"scroll","url":"http://localhost:3000/","viewport":{"width":1707,"height":842},"payload":{"scrollX":0,"scrollY":5736.888671875,"documentHeight":9229,"viewportHeight":842}}
[2026-08-25T13:08:05.848Z] {"timestamp":1787663283902,"kind":"scroll","url":"http://localhost:3000/","viewport":{"width":1707,"height":842},"payload":{"scrollX":0,"scrollY":5452.4443359375,"documentHeight":9229,"viewportHeight":842}}
[2026-08-25T13:08:05.848Z] {"timestamp":1787663284418,"kind":"scroll","url":"http://localhost:3000/","viewport":{"width":1707,"height":842},"payload":{"scrollX":0,"scrollY":5204.4443359375,"documentHeight":9229,"viewportHeight":842}}
[2026-08-25T13:08:05.848Z] {"timestamp":1787663284935,"kind":"scroll","url":"http://localhost:3000/","viewport":{"width":1707,"height":842},"payload":{"scrollX":0,"scrollY":4966.22216796875,"documentHeight":9229,"viewportHeight":842}}
[2026-08-25T13:08:11.839Z] {"timestamp":1787663290502,"kind":"scroll","url":"http://localhost:3000/","viewport":{"width":1707,"height":842},"payload":{"scrollX":0,"scrollY":4944.888671875,"documentHeight":9229,"viewportHeight":842}}
[2026-08-25T13:08:11.839Z] {"timestamp":1787663291019,"kind":"scroll","url":"http://localhost:3000/","viewport":{"width":1707,"height":842},"payload":{"scrollX":0,"scrollY":4577.77783203125,"documentHeight":9229,"viewportHeight":842}}
[2026-08-25T13:08:11.839Z] {"timestamp":1787663291785,"kind":"scroll","url":"http://localhost:3000/","viewport":{"width":1707,"height":842},"payload":{"scrollX":0,"scrollY":4403.5556640625,"documentHeight":9229,"viewportHeight":842}}
[2026-08-25T13:08:14.687Z] {"timestamp":1787663292953,"kind":"focusin","url":"http://localhost:3000/","viewport":{"width":1707,"height":842},"payload":{"target":{"tag":"a","id":null,"name":null,"type":null,"role":null,"ariaLabel":null,"testId":null,"dataLoc":"client\\src\\pages\\Home.tsx:68","href":"https://github.com/SAPTARSHI-coder/EaseMotion-css/pull/42036","text":"View contribution","selectorHint":"[data-loc=\"client\\src\\pages\\Home.tsx:68\"]"}}}
[2026-08-25T13:08:14.687Z] {"timestamp":1787663293175,"kind":"click","url":"http://localhost:3000/","viewport":{"width":1707,"height":842},"payload":{"target":{"tag":"a","id":null,"name":null,"type":null,"role":null,"ariaLabel":null,"testId":null,"dataLoc":"client\\src\\pages\\Home.tsx:68","href":"https://github.com/SAPTARSHI-coder/EaseMotion-css/pull/42036","text":"View contribution","selectorHint":"[data-loc=\"client\\src\\pages\\Home.tsx:68\"]"},"x":1308,"y":524}}
[2026-08-25T13:08:14.688Z] {"timestamp":1787663293243,"kind":"focusout","url":"http://localhost:3000/","viewport":{"width":1707,"height":842},"payload":{"target":{"tag":"a","id":null,"name":null,"type":null,"role":null,"ariaLabel":null,"testId":null,"dataLoc":"client\\src\\pages\\Home.tsx:68","href":"https://github.com/SAPTARSHI-coder/EaseMotion-css/pull/42036","text":"View contribution","selectorHint":"[data-loc=\"client\\src\\pages\\Home.tsx:68\"]"},"value":null}}
[2026-08-25T13:08:21.843Z] {"timestamp":1787663301585,"kind":"focusin","url":"http://localhost:3000/","viewport":{"width":1707,"height":842},"payload":{"target":{"tag":"a","id":null,"name":null,"type":null,"role":null,"ariaLabel":null,"testId":null,"dataLoc":"client\\src\\pages\\Home.tsx:68","href":"https://github.com/SAPTARSHI-coder/EaseMotion-css/pull/42036","text":"View contribution","selectorHint":"[data-loc=\"client\\src\\pages\\Home.tsx:68\"]"}}}
[2026-08-25T13:08:23.836Z] {"timestamp":1787663302473,"kind":"scroll","url":"http://localhost:3000/","viewport":{"width":1707,"height":842},"payload":{"scrollX":0,"scrollY":4808.888671875,"documentHeight":9229,"viewportHeight":842}}
[2026-08-25T13:08:23.836Z] {"timestamp":1787663303050,"kind":"scroll","url":"http://localhost:3000/","viewport":{"width":1707,"height":842},"payload":{"scrollX":0,"scrollY":4348.4443359375,"documentHeight":9229,"viewportHeight":842}}
[2026-08-25T13:08:25.840Z] {"timestamp":1787663304450,"kind":"scroll","url":"http://localhost:3000/","viewport":{"width":1707,"height":842},"payload":{"scrollX":0,"scrollY":4097.77783203125,"documentHeight":9229,"viewportHeight":842}}
[2026-08-25T13:08:25.840Z] {"timestamp":1787663305220,"kind":"scroll","url":"http://localhost:3000/","viewport":{"width":1707,"height":842},"payload":{"scrollX":0,"scrollY":3614.22216796875,"documentHeight":9229,"viewportHeight":842}}
[2026-08-25T13:08:27.837Z] {"timestamp":1787663306654,"kind":"focusout","url":"http://localhost:3000/","viewport":{"width":1707,"height":842},"payload":{"target":{"tag":"a","id":null,"name":null,"type":null,"role":null,"ariaLabel":null,"testId":null,"dataLoc":"client\\src\\pages\\Home.tsx:68","href":"https://github.com/SAPTARSHI-coder/EaseMotion-css/pull/42036","text":"View contribution","selectorHint":"[data-loc=\"client\\src\\pages\\Home.tsx:68\"]"},"value":null}}
[2026-08-25T13:08:27.837Z] {"timestamp":1787663306877,"kind":"click","url":"http://localhost:3000/","viewport":{"width":1707,"height":842},"payload":{"target":{"tag":"section","id":"projects","name":null,"type":null,"role":null,"ariaLabel":null,"testId":null,"dataLoc":"client\\src\\pages\\Home.tsx:66","href":null,"text":"04 PROJECTS Projects Selected work, built with purpose. PROJECT IMAGE AI Study B…","selectorHint":"[data-loc=\"client\\src\\pages\\Home.tsx:66\"]"},"x":875,"y":783}}
[2026-08-25T13:08:27.837Z] {"timestamp":1787663307289,"kind":"focusin","url":"http://localhost:3000/","viewport":{"width":1707,"height":842},"payload":{"target":{"tag":"button","id":null,"name":null,"type":null,"role":null,"ariaLabel":null,"testId":null,"dataLoc":"client\\src\\pages\\Home.tsx:66","href":null,"text":"View More Projects","selectorHint":"[data-loc=\"client\\src\\pages\\Home.tsx:66\"]"}}}
[2026-08-25T13:08:27.837Z] {"timestamp":1787663307504,"kind":"click","url":"http://localhost:3000/","viewport":{"width":1707,"height":842},"payload":{"target":{"tag":"button","id":null,"name":null,"type":null,"role":null,"ariaLabel":null,"testId":null,"dataLoc":"client\\src\\pages\\Home.tsx:66","href":null,"text":"View More Projects","selectorHint":"[data-loc=\"client\\src\\pages\\Home.tsx:66\"]"},"x":890,"y":750}}
[2026-08-25T13:08:27.837Z] {"timestamp":1787663307520,"kind":"focusout","url":"http://localhost:3000/","viewport":{"width":1707,"height":842},"payload":{"target":{"tag":"button","id":null,"name":null,"type":null,"role":null,"ariaLabel":null,"testId":null,"dataLoc":"client\\src\\pages\\Home.tsx:66","href":null,"text":"View More Projects","selectorHint":"[data-loc=\"client\\src\\pages\\Home.tsx:66\"]"},"value":null}}
[2026-08-25T13:08:29.840Z] {"timestamp":1787663307868,"kind":"scroll","url":"http://localhost:3000/","viewport":{"width":1707,"height":842},"payload":{"scrollX":0,"scrollY":4115.5556640625,"documentHeight":9549,"viewportHeight":842}}
[2026-08-25T13:08:29.840Z] {"timestamp":1787663308768,"kind":"scroll","url":"http://localhost:3000/","viewport":{"width":1707,"height":842},"payload":{"scrollX":0,"scrollY":4361.77783203125,"documentHeight":9549,"viewportHeight":842}}
[2026-08-25T13:08:29.840Z] {"timestamp":1787663309302,"kind":"scroll","url":"http://localhost:3000/","viewport":{"width":1707,"height":842},"payload":{"scrollX":0,"scrollY":3972.4443359375,"documentHeight":9549,"viewportHeight":842}}
[2026-08-25T13:08:29.840Z] {"timestamp":1787663309802,"kind":"scroll","url":"http://localhost:3000/","viewport":{"width":1707,"height":842},"payload":{"scrollX":0,"scrollY":3719.111083984375,"documentHeight":9549,"viewportHeight":842}}
[2026-08-25T13:08:31.853Z] {"timestamp":1787663310303,"kind":"scroll","url":"http://localhost:3000/","viewport":{"width":1707,"height":842},"payload":{"scrollX":0,"scrollY":3078.22216796875,"documentHeight":9549,"viewportHeight":842}}
[2026-08-25T13:08:31.853Z] {"timestamp":1787663310817,"kind":"scroll","url":"http://localhost:3000/","viewport":{"width":1707,"height":842},"payload":{"scrollX":0,"scrollY":2744.888916015625,"documentHeight":9549,"viewportHeight":842}}
[2026-08-25T13:08:59.857Z] {"timestamp":1787663338418,"kind":"scroll","url":"http://localhost:3000/","viewport":{"width":1707,"height":842},"payload":{"scrollX":0,"scrollY":2711.111083984375,"documentHeight":9549,"viewportHeight":842}}
[2026-08-25T13:08:59.857Z] {"timestamp":1787663339085,"kind":"scroll","url":"http://localhost:3000/","viewport":{"width":1707,"height":842},"payload":{"scrollX":0,"scrollY":2680.888916015625,"documentHeight":9549,"viewportHeight":842}}
[2026-08-25T13:09:01.849Z] {"timestamp":1787663340601,"kind":"scroll","url":"http://localhost:3000/","viewport":{"width":1707,"height":842},"payload":{"scrollX":0,"scrollY":2616.888916015625,"documentHeight":9549,"viewportHeight":842}}
[2026-08-25T13:09:01.849Z] {"timestamp":1787663341117,"kind":"scroll","url":"http://localhost:3000/","viewport":{"width":1707,"height":842},"payload":{"scrollX":0,"scrollY":2259.5556640625,"documentHeight":9549,"viewportHeight":842}}
[2026-08-25T13:09:07.837Z] {"timestamp":1787663347734,"kind":"scroll","url":"http://localhost:3000/","viewport":{"width":1707,"height":842},"payload":{"scrollX":0,"scrollY":2355.5556640625,"documentHeight":9549,"viewportHeight":842}}
[2026-08-25T13:09:09.852Z] {"timestamp":1787663349184,"kind":"scroll","url":"http://localhost:3000/","viewport":{"width":1707,"height":842},"payload":{"scrollX":0,"scrollY":2815.111083984375,"documentHeight":9549,"viewportHeight":842}}
[2026-08-25T13:09:11.838Z] {"timestamp":1787663350052,"kind":"scroll","url":"http://localhost:3000/","viewport":{"width":1707,"height":842},"payload":{"scrollX":0,"scrollY":2814.22216796875,"documentHeight":9549,"viewportHeight":842}}
[2026-08-25T13:09:11.838Z] {"timestamp":1787663351233,"kind":"scroll","url":"http://localhost:3000/","viewport":{"width":1707,"height":842},"payload":{"scrollX":0,"scrollY":2806.22216796875,"documentHeight":9549,"viewportHeight":842}}
[2026-08-25T13:09:16.688Z] {"timestamp":1787663354443,"kind":"focusin","url":"http://localhost:3000/","viewport":{"width":1707,"height":842},"payload":{"target":{"tag":"a","id":null,"name":null,"type":null,"role":null,"ariaLabel":null,"testId":null,"dataLoc":"client\\src\\pages\\Home.tsx:64","href":"https://github.com/LikithaTummapudi/ai-study-buddy","text":"View Code","selectorHint":"[data-loc=\"client\\src\\pages\\Home.tsx:64\"]"}}}
[2026-08-25T13:09:16.689Z] {"timestamp":1787663354666,"kind":"click","url":"http://localhost:3000/","viewport":{"width":1707,"height":842},"payload":{"target":{"tag":"a","id":null,"name":null,"type":null,"role":null,"ariaLabel":null,"testId":null,"dataLoc":"client\\src\\pages\\Home.tsx:64","href":"https://github.com/LikithaTummapudi/ai-study-buddy","text":"View Code","selectorHint":"[data-loc=\"client\\src\\pages\\Home.tsx:64\"]"},"x":388,"y":340}}
[2026-08-25T13:09:16.689Z] {"timestamp":1787663354743,"kind":"focusout","url":"http://localhost:3000/","viewport":{"width":1707,"height":842},"payload":{"target":{"tag":"a","id":null,"name":null,"type":null,"role":null,"ariaLabel":null,"testId":null,"dataLoc":"client\\src\\pages\\Home.tsx:64","href":"https://github.com/LikithaTummapudi/ai-study-buddy","text":"View Code","selectorHint":"[data-loc=\"client\\src\\pages\\Home.tsx:64\"]"},"value":null}}
[2026-08-25T13:09:19.850Z] {"timestamp":1787663358707,"kind":"focusin","url":"http://localhost:3000/","viewport":{"width":1707,"height":842},"payload":{"target":{"tag":"a","id":null,"name":null,"type":null,"role":null,"ariaLabel":null,"testId":null,"dataLoc":"client\\src\\pages\\Home.tsx:64","href":"https://github.com/LikithaTummapudi/ai-study-buddy","text":"View Code","selectorHint":"[data-loc=\"client\\src\\pages\\Home.tsx:64\"]"}}}
[2026-08-25T13:09:26.692Z] {"timestamp":1787663364824,"kind":"focusout","url":"http://localhost:3000/","viewport":{"width":1707,"height":842},"payload":{"target":{"tag":"a","id":null,"name":null,"type":null,"role":null,"ariaLabel":null,"testId":null,"dataLoc":"client\\src\\pages\\Home.tsx:64","href":"https://github.com/LikithaTummapudi/ai-study-buddy","text":"View Code","selectorHint":"[data-loc=\"client\\src\\pages\\Home.tsx:64\"]"},"value":null}}
[2026-08-25T13:09:55.845Z] {"timestamp":1787663395823,"kind":"focusin","url":"http://localhost:3000/","viewport":{"width":1707,"height":842},"payload":{"target":{"tag":"a","id":null,"name":null,"type":null,"role":null,"ariaLabel":null,"testId":null,"dataLoc":"client\\src\\pages\\Home.tsx:64","href":"https://github.com/LikithaTummapudi/ai-study-buddy","text":"View Code","selectorHint":"[data-loc=\"client\\src\\pages\\Home.tsx:64\"]"}}}
[2026-08-25T13:10:00.688Z] {"timestamp":1787663399290,"kind":"focusout","url":"http://localhost:3000/","viewport":{"width":1707,"height":842},"payload":{"target":{"tag":"a","id":null,"name":null,"type":null,"role":null,"ariaLabel":null,"testId":null,"dataLoc":"client\\src\\pages\\Home.tsx:64","href":"https://github.com/LikithaTummapudi/ai-study-buddy","text":"View Code","selectorHint":"[data-loc=\"client\\src\\pages\\Home.tsx:64\"]"},"value":null}}
[2026-08-25T13:10:28.199Z] {"timestamp":1787663428171,"kind":"focusin","url":"http://localhost:3000/","viewport":{"width":1707,"height":842},"payload":{"target":{"tag":"a","id":null,"name":null,"type":null,"role":null,"ariaLabel":null,"testId":null,"dataLoc":"client\\src\\pages\\Home.tsx:64","href":"https://github.com/LikithaTummapudi/ai-study-buddy","text":"View Code","selectorHint":"[data-loc=\"client\\src\\pages\\Home.tsx:64\"]"}}}
[2026-08-25T13:10:32.687Z] {"timestamp":1787663430051,"kind":"focusout","url":"http://localhost:3000/","viewport":{"width":1707,"height":842},"payload":{"target":{"tag":"a","id":null,"name":null,"type":null,"role":null,"ariaLabel":null,"testId":null,"dataLoc":"client\\src\\pages\\Home.tsx:64","href":"https://github.com/LikithaTummapudi/ai-study-buddy","text":"View Code","selectorHint":"[data-loc=\"client\\src\\pages\\Home.tsx:64\"]"},"value":null}}
[2026-08-25T13:12:07.300Z] {"timestamp":1787663527195,"kind":"focusin","url":"http://localhost:3000/","viewport":{"width":1707,"height":842},"payload":{"target":{"tag":"a","id":null,"name":null,"type":null,"role":null,"ariaLabel":null,"testId":null,"dataLoc":"client\\src\\pages\\Home.tsx:64","href":"https://github.com/LikithaTummapudi/ai-study-buddy","text":"View Code","selectorHint":"[data-loc=\"client\\src\\pages\\Home.tsx:64\"]"}}}
[2026-08-25T13:12:11.842Z] {"timestamp":1787663529843,"kind":"scroll","url":"http://localhost:3000/","viewport":{"width":1707,"height":842},"payload":{"scrollX":0,"scrollY":2510.22216796875,"documentHeight":9588,"viewportHeight":842}}
[2026-08-25T13:12:14.685Z] {"timestamp":1787663532044,"kind":"focusout","url":"http://localhost:3000/","viewport":{"width":1707,"height":842},"payload":{"target":{"tag":"a","id":null,"name":null,"type":null,"role":null,"ariaLabel":null,"testId":null,"dataLoc":"client\\src\\pages\\Home.tsx:64","href":"https://github.com/LikithaTummapudi/ai-study-buddy","text":"View Code","selectorHint":"[data-loc=\"client\\src\\pages\\Home.tsx:64\"]"},"value":null}}
[2026-08-25T13:12:29.846Z] {"timestamp":1787663549647,"kind":"focusin","url":"http://localhost:3000/","viewport":{"width":1707,"height":842},"payload":{"target":{"tag":"a","id":null,"name":null,"type":null,"role":null,"ariaLabel":null,"testId":null,"dataLoc":"client\\src\\pages\\Home.tsx:64","href":"https://github.com/LikithaTummapudi/ai-study-buddy","text":"View Code","selectorHint":"[data-loc=\"client\\src\\pages\\Home.tsx:64\"]"}}}
[2026-08-25T13:12:31.810Z] {"timestamp":1787663550108,"kind":"scroll","url":"http://localhost:3000/","viewport":{"width":1707,"height":842},"payload":{"scrollX":0,"scrollY":2601.77783203125,"documentHeight":9627,"viewportHeight":842}}
[2026-08-25T13:12:31.850Z] {"timestamp":1787663550108,"kind":"scroll","url":"http://localhost:3000/","viewport":{"width":1707,"height":842},"payload":{"scrollX":0,"scrollY":2601.77783203125,"documentHeight":9627,"viewportHeight":842}}
[2026-08-25T13:12:34.023Z] {"timestamp":1787663552185,"kind":"scroll","url":"http://localhost:3000/","viewport":{"width":1707,"height":842},"payload":{"scrollX":0,"scrollY":2901.333251953125,"documentHeight":9306,"viewportHeight":842}}
[2026-08-25T13:12:42.495Z] {"timestamp":1787663560616,"kind":"scroll","url":"http://localhost:3000/","viewport":{"width":1707,"height":842},"payload":{"scrollX":0,"scrollY":2919.111083984375,"documentHeight":9306,"viewportHeight":842}}
[2026-08-25T13:13:41.787Z] {"timestamp":1787663619916,"kind":"scroll","url":"http://localhost:3000/","viewport":{"width":1707,"height":842},"payload":{"scrollX":0,"scrollY":2936.888916015625,"documentHeight":9306,"viewportHeight":842}}
[2026-08-25T13:13:43.784Z] {"timestamp":1787663621822,"kind":"scroll","url":"http://localhost:3000/","viewport":{"width":1707,"height":842},"payload":{"scrollX":0,"scrollY":2928.888916015625,"documentHeight":9306,"viewportHeight":842}}
[2026-08-25T13:16:04.792Z] {"timestamp":1787663762929,"kind":"scroll","url":"http://localhost:3000/","viewport":{"width":1707,"height":842},"payload":{"scrollX":0,"scrollY":2935.111083984375,"documentHeight":9306,"viewportHeight":842}}
[2026-08-25T13:17:10.810Z] {"timestamp":1787663830531,"kind":"scroll","url":"http://localhost:3000/","viewport":{"width":1707,"height":842},"payload":{"scrollX":0,"scrollY":2984.888916015625,"documentHeight":9306,"viewportHeight":842}}
[2026-08-25T13:17:12.789Z] {"timestamp":1787663831098,"kind":"scroll","url":"http://localhost:3000/","viewport":{"width":1707,"height":842},"payload":{"scrollX":0,"scrollY":3318.22216796875,"documentHeight":9306,"viewportHeight":842}}
[2026-08-25T13:17:12.789Z] {"timestamp":1787663831729,"kind":"scroll","url":"http://localhost:3000/","viewport":{"width":1707,"height":842},"payload":{"scrollX":0,"scrollY":3616.888916015625,"documentHeight":9306,"viewportHeight":842}}
[2026-08-25T13:17:16.778Z] {"timestamp":1787663835263,"kind":"scroll","url":"http://localhost:3000/","viewport":{"width":1707,"height":842},"payload":{"scrollX":0,"scrollY":3974.22216796875,"documentHeight":9306,"viewportHeight":842}}
[2026-08-25T13:17:16.778Z] {"timestamp":1787663836362,"kind":"focusin","url":"http://localhost:3000/","viewport":{"width":1707,"height":842},"payload":{"target":{"tag":"button","id":null,"name":null,"type":null,"role":null,"ariaLabel":null,"testId":null,"dataLoc":"client\\src\\pages\\Home.tsx:66","href":null,"text":"View More Projects","selectorHint":"[data-loc=\"client\\src\\pages\\Home.tsx:66\"]"}}}
[2026-08-25T13:17:16.778Z] {"timestamp":1787663836579,"kind":"click","url":"http://localhost:3000/","viewport":{"width":1707,"height":842},"payload":{"target":{"tag":"button","id":null,"name":null,"type":null,"role":null,"ariaLabel":null,"testId":null,"dataLoc":"client\\src\\pages\\Home.tsx:66","href":null,"text":"View More Projects","selectorHint":"[data-loc=\"client\\src\\pages\\Home.tsx:66\"]"},"x":847,"y":354}}
[2026-08-25T13:17:16.778Z] {"timestamp":1787663836593,"kind":"focusout","url":"http://localhost:3000/","viewport":{"width":1707,"height":842},"payload":{"target":{"tag":"button","id":null,"name":null,"type":null,"role":null,"ariaLabel":null,"testId":null,"dataLoc":"client\\src\\pages\\Home.tsx:66","href":null,"text":"View More Projects","selectorHint":"[data-loc=\"client\\src\\pages\\Home.tsx:66\"]"},"value":null}}
[2026-08-25T13:17:18.789Z] {"timestamp":1787663837847,"kind":"scroll","url":"http://localhost:3000/","viewport":{"width":1707,"height":842},"payload":{"scrollX":0,"scrollY":4460.4443359375,"documentHeight":9627,"viewportHeight":842}}
[2026-08-25T13:17:20.781Z] {"timestamp":1787663839364,"kind":"scroll","url":"http://localhost:3000/","viewport":{"width":1707,"height":842},"payload":{"scrollX":0,"scrollY":3912.888916015625,"documentHeight":9627,"viewportHeight":842}}
[2026-08-25T13:17:26.783Z] {"timestamp":1787663846331,"kind":"scroll","url":"http://localhost:3000/","viewport":{"width":1707,"height":842},"payload":{"scrollX":0,"scrollY":3969.77783203125,"documentHeight":9627,"viewportHeight":842}}
[2026-08-25T13:17:30.790Z] {"timestamp":1787663850013,"kind":"scroll","url":"http://localhost:3000/","viewport":{"width":1707,"height":842},"payload":{"scrollX":0,"scrollY":4323.5556640625,"documentHeight":9627,"viewportHeight":842}}
[2026-08-25T13:17:30.791Z] {"timestamp":1787663850580,"kind":"scroll","url":"http://localhost:3000/","viewport":{"width":1707,"height":842},"payload":{"scrollX":0,"scrollY":4500.4443359375,"documentHeight":9627,"viewportHeight":842}}
[2026-08-25T13:17:32.780Z] {"timestamp":1787663852063,"kind":"scroll","url":"http://localhost:3000/","viewport":{"width":1707,"height":842},"payload":{"scrollX":0,"scrollY":4728.888671875,"documentHeight":9627,"viewportHeight":842}}
[2026-08-25T13:17:32.780Z] {"timestamp":1787663852597,"kind":"scroll","url":"http://localhost:3000/","viewport":{"width":1707,"height":842},"payload":{"scrollX":0,"scrollY":5051.5556640625,"documentHeight":9627,"viewportHeight":842}}
[2026-08-25T13:17:34.787Z] {"timestamp":1787663853113,"kind":"scroll","url":"http://localhost:3000/","viewport":{"width":1707,"height":842},"payload":{"scrollX":0,"scrollY":5563.5556640625,"documentHeight":9627,"viewportHeight":842}}
[2026-08-25T13:17:34.787Z] {"timestamp":1787663853630,"kind":"scroll","url":"http://localhost:3000/","viewport":{"width":1707,"height":842},"payload":{"scrollX":0,"scrollY":5193.77783203125,"documentHeight":9627,"viewportHeight":842}}
[2026-08-25T13:17:34.787Z] {"timestamp":1787663854131,"kind":"scroll","url":"http://localhost:3000/","viewport":{"width":1707,"height":842},"payload":{"scrollX":0,"scrollY":4398.22216796875,"documentHeight":9627,"viewportHeight":842}}
[2026-08-25T13:17:34.787Z] {"timestamp":1787663854632,"kind":"scroll","url":"http://localhost:3000/","viewport":{"width":1707,"height":842},"payload":{"scrollX":0,"scrollY":3332.4443359375,"documentHeight":9627,"viewportHeight":842}}
[2026-08-25T13:17:36.783Z] {"timestamp":1787663855346,"kind":"scroll","url":"http://localhost:3000/","viewport":{"width":1707,"height":842},"payload":{"scrollX":0,"scrollY":2891.5556640625,"documentHeight":9627,"viewportHeight":842}}
[2026-08-25T13:17:36.783Z] {"timestamp":1787663855880,"kind":"scroll","url":"http://localhost:3000/","viewport":{"width":1707,"height":842},"payload":{"scrollX":0,"scrollY":2403.5556640625,"documentHeight":9627,"viewportHeight":842}}
[2026-08-25T13:17:36.783Z] {"timestamp":1787663856380,"kind":"scroll","url":"http://localhost:3000/","viewport":{"width":1707,"height":842},"payload":{"scrollX":0,"scrollY":2027.5555419921875,"documentHeight":9627,"viewportHeight":842}}
[2026-08-25T13:17:38.784Z] {"timestamp":1787663857047,"kind":"scroll","url":"http://localhost:3000/","viewport":{"width":1707,"height":842},"payload":{"scrollX":0,"scrollY":1611.5555419921875,"documentHeight":9627,"viewportHeight":842}}
[2026-08-25T13:17:40.780Z] {"timestamp":1787663858962,"kind":"scroll","url":"http://localhost:3000/","viewport":{"width":1707,"height":842},"payload":{"scrollX":0,"scrollY":1904.888916015625,"documentHeight":9627,"viewportHeight":842}}
[2026-08-25T13:17:40.780Z] {"timestamp":1787663859461,"kind":"scroll","url":"http://localhost:3000/","viewport":{"width":1707,"height":842},"payload":{"scrollX":0,"scrollY":1534.22216796875,"documentHeight":9627,"viewportHeight":842}}
[2026-08-25T13:17:42.784Z] {"timestamp":1787663860980,"kind":"scroll","url":"http://localhost:3000/","viewport":{"width":1707,"height":842},"payload":{"scrollX":0,"scrollY":1489.77783203125,"documentHeight":9627,"viewportHeight":842}}
[2026-08-25T13:17:44.778Z] {"timestamp":1787663863548,"kind":"scroll","url":"http://localhost:3000/","viewport":{"width":1707,"height":842},"payload":{"scrollX":0,"scrollY":1321.77783203125,"documentHeight":9627,"viewportHeight":842}}
[2026-08-25T13:17:44.778Z] {"timestamp":1787663864063,"kind":"scroll","url":"http://localhost:3000/","viewport":{"width":1707,"height":842},"payload":{"scrollX":0,"scrollY":391.1111145019531,"documentHeight":9627,"viewportHeight":842}}
[2026-08-25T13:17:52.790Z] {"timestamp":1787663872262,"kind":"scroll","url":"http://localhost:3000/","viewport":{"width":1707,"height":842},"payload":{"scrollX":0,"scrollY":628.4444580078125,"documentHeight":9627,"viewportHeight":842}}
[2026-08-25T13:17:54.781Z] {"timestamp":1787663872812,"kind":"scroll","url":"http://localhost:3000/","viewport":{"width":1707,"height":842},"payload":{"scrollX":0,"scrollY":622.2222290039062,"documentHeight":9627,"viewportHeight":842}}
[2026-08-25T13:17:54.781Z] {"timestamp":1787663873312,"kind":"scroll","url":"http://localhost:3000/","viewport":{"width":1707,"height":842},"payload":{"scrollX":0,"scrollY":257.77777099609375,"documentHeight":9627,"viewportHeight":842}}
[2026-08-25T13:17:54.781Z] {"timestamp":1787663874613,"kind":"scroll","url":"http://localhost:3000/","viewport":{"width":1707,"height":842},"payload":{"scrollX":0,"scrollY":347.5555419921875,"documentHeight":9627,"viewportHeight":842}}
[2026-08-25T13:17:56.781Z] {"timestamp":1787663875847,"kind":"scroll","url":"http://localhost:3000/","viewport":{"width":1707,"height":842},"payload":{"scrollX":0,"scrollY":207.11111450195312,"documentHeight":9627,"viewportHeight":842}}
[2026-08-25T13:19:45.066Z] {"timestamp":1787663983742,"kind":"scroll","url":"http://localhost:3000/","viewport":{"width":1707,"height":842},"payload":{"scrollX":0,"scrollY":244.44444274902344,"documentHeight":9306,"viewportHeight":842}}
[2026-08-25T13:19:45.067Z] {"timestamp":1787663984242,"kind":"scroll","url":"http://localhost:3000/","viewport":{"width":1707,"height":842},"payload":{"scrollX":0,"scrollY":2064,"documentHeight":9306,"viewportHeight":842}}
[2026-08-25T13:19:45.067Z] {"timestamp":1787663984974,"kind":"scroll","url":"http://localhost:3000/","viewport":{"width":1707,"height":842},"payload":{"scrollX":0,"scrollY":2562.666748046875,"documentHeight":9306,"viewportHeight":842}}
[2026-08-25T13:19:47.690Z] {"timestamp":1787663986079,"kind":"click","url":"http://localhost:3000/","viewport":{"width":1707,"height":842},"payload":{"target":{"tag":"article","id":null,"name":null,"type":null,"role":null,"ariaLabel":null,"testId":null,"dataLoc":"client\\src\\pages\\Home.tsx:64","href":null,"text":"02 1M1B Machine Learning / AI for Sustainability Internship AI-Based Air & Noise…","selectorHint":"[data-loc=\"client\\src\\pages\\Home.tsx:64\"]"},"x":392,"y":575}}
[2026-08-25T13:19:47.690Z] {"timestamp":1787663986613,"kind":"focusin","url":"http://localhost:3000/","viewport":{"width":1707,"height":842},"payload":{"target":{"tag":"a","id":null,"name":null,"type":null,"role":null,"ariaLabel":null,"testId":null,"dataLoc":"client\\src\\pages\\Home.tsx:64","href":"https://github.com/LikithaTummapudi/Air-Noice-Pollution-Monitoring-System","text":"View Code","selectorHint":"[data-loc=\"client\\src\\pages\\Home.tsx:64\"]"}}}
[2026-08-25T13:19:47.690Z] {"timestamp":1787663986830,"kind":"click","url":"http://localhost:3000/","viewport":{"width":1707,"height":842},"payload":{"target":{"tag":"a","id":null,"name":null,"type":null,"role":null,"ariaLabel":null,"testId":null,"dataLoc":"client\\src\\pages\\Home.tsx:64","href":"https://github.com/LikithaTummapudi/Air-Noice-Pollution-Monitoring-System","text":"View Code","selectorHint":"[data-loc=\"client\\src\\pages\\Home.tsx:64\"]"},"x":382,"y":585}}
[2026-08-25T13:19:47.690Z] {"timestamp":1787663986906,"kind":"focusout","url":"http://localhost:3000/","viewport":{"width":1707,"height":842},"payload":{"target":{"tag":"a","id":null,"name":null,"type":null,"role":null,"ariaLabel":null,"testId":null,"dataLoc":"client\\src\\pages\\Home.tsx:64","href":"https://github.com/LikithaTummapudi/Air-Noice-Pollution-Monitoring-System","text":"View Code","selectorHint":"[data-loc=\"client\\src\\pages\\Home.tsx:64\"]"},"value":null}}
[2026-08-25T13:19:51.059Z] {"timestamp":1787663989912,"kind":"focusin","url":"http://localhost:3000/","viewport":{"width":1707,"height":842},"payload":{"target":{"tag":"a","id":null,"name":null,"type":null,"role":null,"ariaLabel":null,"testId":null,"dataLoc":"client\\src\\pages\\Home.tsx:64","href":"https://github.com/LikithaTummapudi/Air-Noice-Pollution-Monitoring-System","text":"View Code","selectorHint":"[data-loc=\"client\\src\\pages\\Home.tsx:64\"]"}}}
[2026-08-25T13:19:53.813Z] {"timestamp":1787663992273,"kind":"focusout","url":"http://localhost:3000/","viewport":{"width":1707,"height":842},"payload":{"target":{"tag":"a","id":null,"name":null,"type":null,"role":null,"ariaLabel":null,"testId":null,"dataLoc":"client\\src\\pages\\Home.tsx:64","href":"https://github.com/LikithaTummapudi/Air-Noice-Pollution-Monitoring-System","text":"View Code","selectorHint":"[data-loc=\"client\\src\\pages\\Home.tsx:64\"]"},"value":null}}
[2026-08-25T13:20:47.065Z] {"timestamp":1787664047054,"kind":"focusin","url":"http://localhost:3000/","viewport":{"width":1707,"height":842},"payload":{"target":{"tag":"a","id":null,"name":null,"type":null,"role":null,"ariaLabel":null,"testId":null,"dataLoc":"client\\src\\pages\\Home.tsx:64","href":"https://github.com/LikithaTummapudi/Air-Noice-Pollution-Monitoring-System","text":"View Code","selectorHint":"[data-loc=\"client\\src\\pages\\Home.tsx:64\"]"}}}
[2026-08-25T13:20:49.059Z] {"timestamp":1787664047605,"kind":"scroll","url":"http://localhost:3000/","viewport":{"width":1707,"height":842},"payload":{"scrollX":0,"scrollY":2704,"documentHeight":9268,"viewportHeight":842}}
[2026-08-25T13:20:51.055Z] {"timestamp":1787664049606,"kind":"scroll","url":"http://localhost:3000/","viewport":{"width":1707,"height":842},"payload":{"scrollX":0,"scrollY":2881.77783203125,"documentHeight":9268,"viewportHeight":842}}
[2026-08-25T13:20:51.055Z] {"timestamp":1787664050272,"kind":"scroll","url":"http://localhost:3000/","viewport":{"width":1707,"height":842},"payload":{"scrollX":0,"scrollY":2578.666748046875,"documentHeight":9268,"viewportHeight":842}}
[2026-08-25T13:20:53.050Z] {"timestamp":1787664051190,"kind":"scroll","url":"http://localhost:3000/","viewport":{"width":1707,"height":842},"payload":{"scrollX":0,"scrollY":2354.666748046875,"documentHeight":9268,"viewportHeight":842}}
[2026-08-25T13:20:53.050Z] {"timestamp":1787664051707,"kind":"scroll","url":"http://localhost:3000/","viewport":{"width":1707,"height":842},"payload":{"scrollX":0,"scrollY":2874.666748046875,"documentHeight":9268,"viewportHeight":842}}
[2026-08-25T13:20:53.050Z] {"timestamp":1787664052213,"kind":"scroll","url":"http://localhost:3000/","viewport":{"width":1707,"height":842},"payload":{"scrollX":0,"scrollY":3393.77783203125,"documentHeight":9268,"viewportHeight":842}}
[2026-08-25T13:20:53.050Z] {"timestamp":1787664052723,"kind":"scroll","url":"http://localhost:3000/","viewport":{"width":1707,"height":842},"payload":{"scrollX":0,"scrollY":3768,"documentHeight":9268,"viewportHeight":842}}
[2026-08-25T13:20:55.056Z] {"timestamp":1787664053255,"kind":"scroll","url":"http://localhost:3000/","viewport":{"width":1707,"height":842},"payload":{"scrollX":0,"scrollY":4024,"documentHeight":9268,"viewportHeight":842}}
[2026-08-25T13:20:57.055Z] {"timestamp":1787664055105,"kind":"focusout","url":"http://localhost:3000/","viewport":{"width":1707,"height":842},"payload":{"target":{"tag":"a","id":null,"name":null,"type":null,"role":null,"ariaLabel":null,"testId":null,"dataLoc":"client\\src\\pages\\Home.tsx:64","href":"https://github.com/LikithaTummapudi/Air-Noice-Pollution-Monitoring-System","text":"View Code","selectorHint":"[data-loc=\"client\\src\\pages\\Home.tsx:64\"]"},"value":null}}
[2026-08-25T13:20:57.055Z] {"timestamp":1787664055106,"kind":"focusin","url":"http://localhost:3000/","viewport":{"width":1707,"height":842},"payload":{"target":{"tag":"button","id":null,"name":null,"type":null,"role":null,"ariaLabel":null,"testId":null,"dataLoc":"client\\src\\pages\\Home.tsx:66","href":null,"text":"View More Projects","selectorHint":"[data-loc=\"client\\src\\pages\\Home.tsx:66\"]"}}}
[2026-08-25T13:20:57.055Z] {"timestamp":1787664055322,"kind":"click","url":"http://localhost:3000/","viewport":{"width":1707,"height":842},"payload":{"target":{"tag":"button","id":null,"name":null,"type":null,"role":null,"ariaLabel":null,"testId":null,"dataLoc":"client\\src\\pages\\Home.tsx:66","href":null,"text":"View More Projects","selectorHint":"[data-loc=\"client\\src\\pages\\Home.tsx:66\"]"},"x":795,"y":440}}
[2026-08-25T13:20:57.055Z] {"timestamp":1787664055340,"kind":"focusout","url":"http://localhost:3000/","viewport":{"width":1707,"height":842},"payload":{"target":{"tag":"button","id":null,"name":null,"type":null,"role":null,"ariaLabel":null,"testId":null,"dataLoc":"client\\src\\pages\\Home.tsx:66","href":null,"text":"View More Projects","selectorHint":"[data-loc=\"client\\src\\pages\\Home.tsx:66\"]"},"value":null}}
[2026-08-25T13:20:57.055Z] {"timestamp":1787664055888,"kind":"scroll","url":"http://localhost:3000/","viewport":{"width":1707,"height":842},"payload":{"scrollX":0,"scrollY":4450.66650390625,"documentHeight":9588,"viewportHeight":842}}
[2026-08-25T13:20:59.728Z] {"timestamp":1787664058407,"kind":"focusin","url":"http://localhost:3000/","viewport":{"width":1707,"height":842},"payload":{"target":{"tag":"a","id":null,"name":null,"type":null,"role":null,"ariaLabel":null,"testId":null,"dataLoc":"client\\src\\pages\\Home.tsx:42","href":"https://github.com/LikithaTummapudi","text":"View Code","selectorHint":"[data-loc=\"client\\src\\pages\\Home.tsx:42\"]"}}}
[2026-08-25T13:20:59.728Z] {"timestamp":1787664058627,"kind":"click","url":"http://localhost:3000/","viewport":{"width":1707,"height":842},"payload":{"target":{"tag":"a","id":null,"name":null,"type":null,"role":null,"ariaLabel":null,"testId":null,"dataLoc":"client\\src\\pages\\Home.tsx:42","href":"https://github.com/LikithaTummapudi","text":"View Code","selectorHint":"[data-loc=\"client\\src\\pages\\Home.tsx:42\"]"},"x":1085,"y":422}}
[2026-08-25T13:20:59.728Z] {"timestamp":1787664058691,"kind":"focusout","url":"http://localhost:3000/","viewport":{"width":1707,"height":842},"payload":{"target":{"tag":"a","id":null,"name":null,"type":null,"role":null,"ariaLabel":null,"testId":null,"dataLoc":"client\\src\\pages\\Home.tsx:42","href":"https://github.com/LikithaTummapudi","text":"View Code","selectorHint":"[data-loc=\"client\\src\\pages\\Home.tsx:42\"]"},"value":null}}
[2026-08-25T13:21:03.053Z] {"timestamp":1787664062406,"kind":"focusin","url":"http://localhost:3000/","viewport":{"width":1707,"height":842},"payload":{"target":{"tag":"a","id":null,"name":null,"type":null,"role":null,"ariaLabel":null,"testId":null,"dataLoc":"client\\src\\pages\\Home.tsx:42","href":"https://github.com/LikithaTummapudi","text":"View Code","selectorHint":"[data-loc=\"client\\src\\pages\\Home.tsx:42\"]"}}}
[2026-08-25T13:21:05.681Z] {"timestamp":1787664063741,"kind":"focusout","url":"http://localhost:3000/","viewport":{"width":1707,"height":842},"payload":{"target":{"tag":"a","id":null,"name":null,"type":null,"role":null,"ariaLabel":null,"testId":null,"dataLoc":"client\\src\\pages\\Home.tsx:42","href":"https://github.com/LikithaTummapudi","text":"View Code","selectorHint":"[data-loc=\"client\\src\\pages\\Home.tsx:42\"]"},"value":null}}
[2026-08-25T13:21:05.681Z] {"timestamp":1787664063741,"kind":"focusin","url":"http://localhost:3000/","viewport":{"width":1707,"height":842},"payload":{"target":{"tag":"a","id":null,"name":null,"type":null,"role":null,"ariaLabel":null,"testId":null,"dataLoc":"client\\src\\pages\\Home.tsx:42","href":"https://github.com/LikithaTummapudi","text":"View Code","selectorHint":"[data-loc=\"client\\src\\pages\\Home.tsx:42\"]"}}}
[2026-08-25T13:21:05.681Z] {"timestamp":1787664063960,"kind":"click","url":"http://localhost:3000/","viewport":{"width":1707,"height":842},"payload":{"target":{"tag":"a","id":null,"name":null,"type":null,"role":null,"ariaLabel":null,"testId":null,"dataLoc":"client\\src\\pages\\Home.tsx:42","href":"https://github.com/LikithaTummapudi","text":"View Code","selectorHint":"[data-loc=\"client\\src\\pages\\Home.tsx:42\"]"},"x":727,"y":423}}
[2026-08-25T13:21:05.681Z] {"timestamp":1787664064023,"kind":"focusout","url":"http://localhost:3000/","viewport":{"width":1707,"height":842},"payload":{"target":{"tag":"a","id":null,"name":null,"type":null,"role":null,"ariaLabel":null,"testId":null,"dataLoc":"client\\src\\pages\\Home.tsx:42","href":"https://github.com/LikithaTummapudi","text":"View Code","selectorHint":"[data-loc=\"client\\src\\pages\\Home.tsx:42\"]"},"value":null}}
[2026-08-25T13:21:07.063Z] {"timestamp":1787664066184,"kind":"focusin","url":"http://localhost:3000/","viewport":{"width":1707,"height":842},"payload":{"target":{"tag":"a","id":null,"name":null,"type":null,"role":null,"ariaLabel":null,"testId":null,"dataLoc":"client\\src\\pages\\Home.tsx:42","href":"https://github.com/LikithaTummapudi","text":"View Code","selectorHint":"[data-loc=\"client\\src\\pages\\Home.tsx:42\"]"}}}
[2026-08-25T13:21:09.688Z] {"timestamp":1787664068531,"kind":"focusout","url":"http://localhost:3000/","viewport":{"width":1707,"height":842},"payload":{"target":{"tag":"a","id":null,"name":null,"type":null,"role":null,"ariaLabel":null,"testId":null,"dataLoc":"client\\src\\pages\\Home.tsx:42","href":"https://github.com/LikithaTummapudi","text":"View Code","selectorHint":"[data-loc=\"client\\src\\pages\\Home.tsx:42\"]"},"value":null}}
[2026-08-25T13:21:09.688Z] {"timestamp":1787664068532,"kind":"focusin","url":"http://localhost:3000/","viewport":{"width":1707,"height":842},"payload":{"target":{"tag":"a","id":null,"name":null,"type":null,"role":null,"ariaLabel":null,"testId":null,"dataLoc":"client\\src\\pages\\Home.tsx:42","href":"https://github.com/LikithaTummapudi","text":"View Code","selectorHint":"[data-loc=\"client\\src\\pages\\Home.tsx:42\"]"}}}
[2026-08-25T13:21:09.688Z] {"timestamp":1787664068744,"kind":"click","url":"http://localhost:3000/","viewport":{"width":1707,"height":842},"payload":{"target":{"tag":"a","id":null,"name":null,"type":null,"role":null,"ariaLabel":null,"testId":null,"dataLoc":"client\\src\\pages\\Home.tsx:42","href":"https://github.com/LikithaTummapudi","text":"View Code","selectorHint":"[data-loc=\"client\\src\\pages\\Home.tsx:42\"]"},"x":340,"y":413}}
[2026-08-25T13:21:09.688Z] {"timestamp":1787664068820,"kind":"focusout","url":"http://localhost:3000/","viewport":{"width":1707,"height":842},"payload":{"target":{"tag":"a","id":null,"name":null,"type":null,"role":null,"ariaLabel":null,"testId":null,"dataLoc":"client\\src\\pages\\Home.tsx:42","href":"https://github.com/LikithaTummapudi","text":"View Code","selectorHint":"[data-loc=\"client\\src\\pages\\Home.tsx:42\"]"},"value":null}}
[2026-08-25T13:21:13.051Z] {"timestamp":1787664071187,"kind":"focusin","url":"http://localhost:3000/","viewport":{"width":1707,"height":842},"payload":{"target":{"tag":"a","id":null,"name":null,"type":null,"role":null,"ariaLabel":null,"testId":null,"dataLoc":"client\\src\\pages\\Home.tsx:42","href":"https://github.com/LikithaTummapudi","text":"View Code","selectorHint":"[data-loc=\"client\\src\\pages\\Home.tsx:42\"]"}}}
[2026-08-25T13:21:13.051Z] {"timestamp":1787664072192,"kind":"scroll","url":"http://localhost:3000/","viewport":{"width":1707,"height":842},"payload":{"scrollX":0,"scrollY":4689.77783203125,"documentHeight":9588,"viewportHeight":842}}
[2026-08-25T13:21:17.056Z] {"timestamp":1787664075191,"kind":"focusout","url":"http://localhost:3000/","viewport":{"width":1707,"height":842},"payload":{"target":{"tag":"a","id":null,"name":null,"type":null,"role":null,"ariaLabel":null,"testId":null,"dataLoc":"client\\src\\pages\\Home.tsx:42","href":"https://github.com/LikithaTummapudi","text":"View Code","selectorHint":"[data-loc=\"client\\src\\pages\\Home.tsx:42\"]"},"value":null}}
[2026-08-25T13:21:17.056Z] {"timestamp":1787664075411,"kind":"click","url":"http://localhost:3000/","viewport":{"width":1707,"height":842},"payload":{"target":{"tag":"p","id":null,"name":null,"type":null,"role":null,"ariaLabel":null,"testId":null,"dataLoc":"client\\src\\pages\\Home.tsx:42","href":null,"text":"A classification project predicting personal income categories from demographic …","selectorHint":"[data-loc=\"client\\src\\pages\\Home.tsx:42\"]"},"x":721,"y":329}}
[2026-08-25T13:21:17.056Z] {"timestamp":1787664076121,"kind":"scroll","url":"http://localhost:3000/","viewport":{"width":1707,"height":842},"payload":{"scrollX":0,"scrollY":4324.4443359375,"documentHeight":9588,"viewportHeight":842}}
[2026-08-25T13:21:17.056Z] {"timestamp":1787664076637,"kind":"scroll","url":"http://localhost:3000/","viewport":{"width":1707,"height":842},"payload":{"scrollX":0,"scrollY":4881.77783203125,"documentHeight":9588,"viewportHeight":842}}
[2026-08-25T13:21:21.057Z] {"timestamp":1787664079554,"kind":"scroll","url":"http://localhost:3000/","viewport":{"width":1707,"height":842},"payload":{"scrollX":0,"scrollY":5504,"documentHeight":9588,"viewportHeight":842}}
[2026-08-25T13:21:21.057Z] {"timestamp":1787664080838,"kind":"scroll","url":"http://localhost:3000/","viewport":{"width":1707,"height":842},"payload":{"scrollX":0,"scrollY":5753.77783203125,"documentHeight":9588,"viewportHeight":842}}
[2026-08-25T13:21:23.049Z] {"timestamp":1787664081355,"kind":"scroll","url":"http://localhost:3000/","viewport":{"width":1707,"height":842},"payload":{"scrollX":0,"scrollY":6272,"documentHeight":9588,"viewportHeight":842}}
[2026-08-25T13:21:23.049Z] {"timestamp":1787664082325,"kind":"scroll","url":"http://localhost:3000/","viewport":{"width":1707,"height":842},"payload":{"scrollX":0,"scrollY":6434.66650390625,"documentHeight":9588,"viewportHeight":842}}
[2026-08-25T13:21:23.049Z] {"timestamp":1787664082837,"kind":"scroll","url":"http://localhost:3000/","viewport":{"width":1707,"height":842},"payload":{"scrollX":0,"scrollY":7149.33349609375,"documentHeight":9588,"viewportHeight":842}}
[2026-08-25T13:21:25.057Z] {"timestamp":1787664083338,"kind":"scroll","url":"http://localhost:3000/","viewport":{"width":1707,"height":842},"payload":{"scrollX":0,"scrollY":7636.4443359375,"documentHeight":9588,"viewportHeight":842}}
[2026-08-25T13:21:25.057Z] {"timestamp":1787664084471,"kind":"scroll","url":"http://localhost:3000/","viewport":{"width":1707,"height":842},"payload":{"scrollX":0,"scrollY":7656,"documentHeight":9588,"viewportHeight":842}}
[2026-08-25T13:21:27.057Z] {"timestamp":1787664085488,"kind":"scroll","url":"http://localhost:3000/","viewport":{"width":1707,"height":842},"payload":{"scrollX":0,"scrollY":7655.111328125,"documentHeight":9588,"viewportHeight":842}}
[2026-08-25T13:21:27.057Z] {"timestamp":1787664085989,"kind":"scroll","url":"http://localhost:3000/","viewport":{"width":1707,"height":842},"payload":{"scrollX":0,"scrollY":5813.33349609375,"documentHeight":9588,"viewportHeight":842}}
[2026-08-25T13:21:27.057Z] {"timestamp":1787664086489,"kind":"scroll","url":"http://localhost:3000/","viewport":{"width":1707,"height":842},"payload":{"scrollX":0,"scrollY":2541.333251953125,"documentHeight":9588,"viewportHeight":842}}
[2026-08-25T13:21:29.054Z] {"timestamp":1787664087887,"kind":"scroll","url":"http://localhost:3000/","viewport":{"width":1707,"height":842},"payload":{"scrollX":0,"scrollY":154.6666717529297,"documentHeight":9588,"viewportHeight":842}}
[2026-08-25T13:46:39.202Z] {"timestamp":1787665598291,"kind":"scroll","url":"http://localhost:3000/","viewport":{"width":1707,"height":842},"payload":{"scrollX":0,"scrollY":133.3333282470703,"documentHeight":9268,"viewportHeight":842}}
[2026-08-25T13:46:39.202Z] {"timestamp":1787665598793,"kind":"scroll","url":"http://localhost:3000/","viewport":{"width":1707,"height":842},"payload":{"scrollX":0,"scrollY":100.44444274902344,"documentHeight":9268,"viewportHeight":842}}
[2026-08-25T13:49:06.357Z] {"timestamp":1787665746153,"kind":"scroll","url":"http://localhost:3000/","viewport":{"width":1707,"height":842},"payload":{"scrollX":0,"scrollY":55.11111068725586,"documentHeight":9268,"viewportHeight":842}}
[2026-08-25T13:49:08.352Z] {"timestamp":1787665746767,"kind":"scroll","url":"http://localhost:3000/","viewport":{"width":1707,"height":842},"payload":{"scrollX":0,"scrollY":124.44444274902344,"documentHeight":9268,"viewportHeight":842}}
[2026-08-25T13:49:08.352Z] {"timestamp":1787665747269,"kind":"scroll","url":"http://localhost:3000/","viewport":{"width":1707,"height":842},"payload":{"scrollX":0,"scrollY":693.3333129882812,"documentHeight":9268,"viewportHeight":842}}
[2026-08-25T13:49:08.352Z] {"timestamp":1787665747851,"kind":"scroll","url":"http://localhost:3000/","viewport":{"width":1707,"height":842},"payload":{"scrollX":0,"scrollY":981.3333129882812,"documentHeight":9268,"viewportHeight":842}}
[2026-08-25T13:49:12.353Z] {"timestamp":1787665752085,"kind":"scroll","url":"http://localhost:3000/","viewport":{"width":1707,"height":842},"payload":{"scrollX":0,"scrollY":1681.77783203125,"documentHeight":9268,"viewportHeight":842}}
[2026-08-25T13:49:14.354Z] {"timestamp":1787665752601,"kind":"scroll","url":"http://localhost:3000/","viewport":{"width":1707,"height":842},"payload":{"scrollX":0,"scrollY":2000,"documentHeight":9268,"viewportHeight":842}}
[2026-08-25T13:53:17.685Z] {"timestamp":1787665996227,"kind":"scroll","url":"http://localhost:3000/","viewport":{"width":1707,"height":842},"payload":{"scrollX":0,"scrollY":122.66666412353516,"documentHeight":9268,"viewportHeight":842}}
[2026-08-25T13:53:17.685Z] {"timestamp":1787665996742,"kind":"scroll","url":"http://localhost:3000/","viewport":{"width":1707,"height":842},"payload":{"scrollX":0,"scrollY":1184,"documentHeight":9268,"viewportHeight":842}}
[2026-08-25T13:53:17.685Z] {"timestamp":1787665997242,"kind":"scroll","url":"http://localhost:3000/","viewport":{"width":1707,"height":842},"payload":{"scrollX":0,"scrollY":2692.4443359375,"documentHeight":9268,"viewportHeight":842}}
[2026-08-25T13:53:19.680Z] {"timestamp":1787665997743,"kind":"scroll","url":"http://localhost:3000/","viewport":{"width":1707,"height":842},"payload":{"scrollX":0,"scrollY":4519.111328125,"documentHeight":9268,"viewportHeight":842}}
[2026-08-25T13:53:19.680Z] {"timestamp":1787665998260,"kind":"scroll","url":"http://localhost:3000/","viewport":{"width":1707,"height":842},"payload":{"scrollX":0,"scrollY":6741.33349609375,"documentHeight":9268,"viewportHeight":842}}
[2026-08-25T13:53:19.680Z] {"timestamp":1787665999293,"kind":"scroll","url":"http://localhost:3000/","viewport":{"width":1707,"height":842},"payload":{"scrollX":0,"scrollY":8030.22216796875,"documentHeight":9268,"viewportHeight":842}}
[2026-08-25T13:53:21.681Z] {"timestamp":1787665999811,"kind":"scroll","url":"http://localhost:3000/","viewport":{"width":1707,"height":842},"payload":{"scrollX":0,"scrollY":4915.5556640625,"documentHeight":9268,"viewportHeight":842}}
[2026-08-25T13:53:21.681Z] {"timestamp":1787666000325,"kind":"scroll","url":"http://localhost:3000/","viewport":{"width":1707,"height":842},"payload":{"scrollX":0,"scrollY":1529.77783203125,"documentHeight":9268,"viewportHeight":842}}
[2026-08-25T13:53:21.681Z] {"timestamp":1787666001197,"kind":"scroll","url":"http://localhost:3000/","viewport":{"width":1707,"height":842},"payload":{"scrollX":0,"scrollY":0,"documentHeight":9268,"viewportHeight":842}}
[2026-08-25T13:54:09.680Z] {"timestamp":1787666048722,"kind":"scroll","url":"http://localhost:3000/","viewport":{"width":1707,"height":842},"payload":{"scrollX":0,"scrollY":348.4444580078125,"documentHeight":9268,"viewportHeight":842}}
[2026-08-25T13:54:09.680Z] {"timestamp":1787666049222,"kind":"scroll","url":"http://localhost:3000/","viewport":{"width":1707,"height":842},"payload":{"scrollX":0,"scrollY":2736,"documentHeight":9268,"viewportHeight":842}}
[2026-08-25T13:54:11.685Z] {"timestamp":1787666049723,"kind":"scroll","url":"http://localhost:3000/","viewport":{"width":1707,"height":842},"payload":{"scrollX":0,"scrollY":4420.4443359375,"documentHeight":9268,"viewportHeight":842}}
[2026-08-25T13:54:13.687Z] {"timestamp":1787666052595,"kind":"focusin","url":"http://localhost:3000/","viewport":{"width":1707,"height":842},"payload":{"target":{"tag":"a","id":null,"name":null,"type":null,"role":null,"ariaLabel":null,"testId":null,"dataLoc":"client\\src\\pages\\Home.tsx:55","href":"#leadership","text":"06 LEADERSHIP","selectorHint":"[data-loc=\"client\\src\\pages\\Home.tsx:55\"]"}}}
[2026-08-25T13:54:13.687Z] {"timestamp":1787666052811,"kind":"click","url":"http://localhost:3000/","viewport":{"width":1707,"height":842},"payload":{"target":{"tag":"b","id":null,"name":null,"type":null,"role":null,"ariaLabel":null,"testId":null,"dataLoc":"client\\src\\pages\\Home.tsx:55","href":null,"text":"06","selectorHint":"[data-loc=\"client\\src\\pages\\Home.tsx:55\"]"},"x":24,"y":325}}
[2026-08-25T13:54:13.687Z] {"timestamp":1787666052812,"kind":"navigate","url":"http://localhost:3000/#leadership","viewport":{"width":1707,"height":842},"payload":{"reason":"popstate"}}
[2026-08-25T13:54:13.687Z] {"timestamp":1787666052812,"kind":"focusout","url":"http://localhost:3000/#leadership","viewport":{"width":1707,"height":842},"payload":{"target":{"tag":"a","id":null,"name":null,"type":null,"role":null,"ariaLabel":null,"testId":null,"dataLoc":"client\\src\\pages\\Home.tsx:55","href":"#leadership","text":"06 LEADERSHIP","selectorHint":"[data-loc=\"client\\src\\pages\\Home.tsx:55\"]"},"value":null}}
[2026-08-25T13:54:13.687Z] {"timestamp":1787666052822,"kind":"navigate","url":"http://localhost:3000/#leadership","viewport":{"width":1707,"height":842},"payload":{"reason":"hashchange"}}
[2026-08-25T13:54:13.687Z] {"timestamp":1787666052837,"kind":"scroll","url":"http://localhost:3000/#leadership","viewport":{"width":1707,"height":842},"payload":{"scrollX":0,"scrollY":4431.111328125,"documentHeight":9268,"viewportHeight":842}}
[2026-08-25T13:54:13.687Z] {"timestamp":1787666053339,"kind":"scroll","url":"http://localhost:3000/#leadership","viewport":{"width":1707,"height":842},"payload":{"scrollX":0,"scrollY":6351.111328125,"documentHeight":9268,"viewportHeight":842}}
[2026-08-25T13:54:15.682Z] {"timestamp":1787666053795,"kind":"click","url":"http://localhost:3000/#leadership","viewport":{"width":1707,"height":842},"payload":{"target":{"tag":"aside","id":null,"name":null,"type":null,"role":null,"ariaLabel":"Portfolio chapter index","testId":null,"dataLoc":"client\\src\\pages\\Home.tsx:55","href":null,"text":"FIELD INDEX 01 ABOUT 02 WORK 03 PROJECTS 04 OPEN SOURCE 05 TEAMWORK 06 LEADERSHI…","selectorHint":"[data-loc=\"client\\src\\pages\\Home.tsx:55\"]"},"x":24,"y":340}}
[2026-08-25T13:54:23.681Z] {"timestamp":1787666063290,"kind":"scroll","url":"http://localhost:3000/#leadership","viewport":{"width":1707,"height":842},"payload":{"scrollX":0,"scrollY":6561.77783203125,"documentHeight":9268,"viewportHeight":842}}
[2026-08-25T13:54:25.689Z] {"timestamp":1787666063989,"kind":"scroll","url":"http://localhost:3000/#leadership","viewport":{"width":1707,"height":842},"payload":{"scrollX":0,"scrollY":6977.77783203125,"documentHeight":9268,"viewportHeight":842}}
[2026-08-25T13:54:25.689Z] {"timestamp":1787666064556,"kind":"scroll","url":"http://localhost:3000/#leadership","viewport":{"width":1707,"height":842},"payload":{"scrollX":0,"scrollY":7292.4443359375,"documentHeight":9268,"viewportHeight":842}}
[2026-08-25T13:54:27.687Z] {"timestamp":1787666067467,"kind":"focusin","url":"http://localhost:3000/#leadership","viewport":{"width":1707,"height":842},"payload":{"target":{"tag":"button","id":null,"name":null,"type":null,"role":null,"ariaLabel":null,"testId":null,"dataLoc":"client\\src\\pages\\Home.tsx:74","href":null,"text":"View Certificate","selectorHint":"[data-loc=\"client\\src\\pages\\Home.tsx:74\"]"}}}
[2026-08-25T13:54:29.683Z] {"timestamp":1787666067687,"kind":"click","url":"http://localhost:3000/#leadership","viewport":{"width":1707,"height":842},"payload":{"target":{"tag":"button","id":null,"name":null,"type":null,"role":null,"ariaLabel":null,"testId":null,"dataLoc":"client\\src\\pages\\Home.tsx:74","href":null,"text":"View Certificate","selectorHint":"[data-loc=\"client\\src\\pages\\Home.tsx:74\"]"},"x":363,"y":365}}
[2026-08-25T13:54:29.683Z] {"timestamp":1787666068728,"kind":"scroll","url":"http://localhost:3000/#leadership","viewport":{"width":1707,"height":842},"payload":{"scrollX":0,"scrollY":7368,"documentHeight":9268,"viewportHeight":842}}
[2026-08-25T13:54:42.688Z] {"timestamp":1787666081111,"kind":"focusout","url":"http://localhost:3000/#leadership","viewport":{"width":1707,"height":842},"payload":{"target":{"tag":"button","id":null,"name":null,"type":null,"role":null,"ariaLabel":null,"testId":null,"dataLoc":"client\\src\\pages\\Home.tsx:74","href":null,"text":"View Certificate","selectorHint":"[data-loc=\"client\\src\\pages\\Home.tsx:74\"]"},"value":null}}
[2026-08-25T13:57:43.768Z] {"timestamp":1787666263741,"kind":"focusin","url":"http://localhost:3000/#leadership","viewport":{"width":1707,"height":842},"payload":{"target":{"tag":"button","id":null,"name":null,"type":null,"role":null,"ariaLabel":null,"testId":null,"dataLoc":"client\\src\\pages\\Home.tsx:74","href":null,"text":"View Certificate","selectorHint":"[data-loc=\"client\\src\\pages\\Home.tsx:74\"]"}}}
[2026-08-25T13:57:45.680Z] {"timestamp":1787666264585,"kind":"focusout","url":"http://localhost:3000/#leadership","viewport":{"width":1707,"height":842},"payload":{"target":{"tag":"button","id":null,"name":null,"type":null,"role":null,"ariaLabel":null,"testId":null,"dataLoc":"client\\src\\pages\\Home.tsx:74","href":null,"text":"View Certificate","selectorHint":"[data-loc=\"client\\src\\pages\\Home.tsx:74\"]"},"value":null}}
[2026-08-25T14:14:52.430Z] {"timestamp":1787667290746,"kind":"scroll","url":"http://localhost:3000/","viewport":{"width":1707,"height":842},"payload":{"scrollX":0,"scrollY":65.77777862548828,"documentHeight":9268,"viewportHeight":842}}
[2026-08-25T14:14:52.430Z] {"timestamp":1787667291295,"kind":"scroll","url":"http://localhost:3000/","viewport":{"width":1707,"height":842},"payload":{"scrollX":0,"scrollY":463.1111145019531,"documentHeight":9268,"viewportHeight":842}}
[2026-08-25T14:14:52.430Z] {"timestamp":1787667291827,"kind":"scroll","url":"http://localhost:3000/","viewport":{"width":1707,"height":842},"payload":{"scrollX":0,"scrollY":1159.111083984375,"documentHeight":9268,"viewportHeight":842}}
[2026-08-25T14:14:52.430Z] {"timestamp":1787667292343,"kind":"scroll","url":"http://localhost:3000/","viewport":{"width":1707,"height":842},"payload":{"scrollX":0,"scrollY":788.4444580078125,"documentHeight":9268,"viewportHeight":842}}
[2026-08-25T14:14:54.427Z] {"timestamp":1787667292860,"kind":"scroll","url":"http://localhost:3000/","viewport":{"width":1707,"height":842},"payload":{"scrollX":0,"scrollY":2577.77783203125,"documentHeight":9268,"viewportHeight":842}}
[2026-08-25T14:14:54.427Z] {"timestamp":1787667293361,"kind":"scroll","url":"http://localhost:3000/","viewport":{"width":1707,"height":842},"payload":{"scrollX":0,"scrollY":4136,"documentHeight":9268,"viewportHeight":842}}
[2026-08-25T14:14:54.427Z] {"timestamp":1787667293861,"kind":"scroll","url":"http://localhost:3000/","viewport":{"width":1707,"height":842},"payload":{"scrollX":0,"scrollY":4493.33349609375,"documentHeight":9268,"viewportHeight":842}}
[2026-08-25T14:14:56.433Z] {"timestamp":1787667294611,"kind":"scroll","url":"http://localhost:3000/","viewport":{"width":1707,"height":842},"payload":{"scrollX":0,"scrollY":4937.77783203125,"documentHeight":9268,"viewportHeight":842}}
[2026-08-25T14:14:56.433Z] {"timestamp":1787667295126,"kind":"scroll","url":"http://localhost:3000/","viewport":{"width":1707,"height":842},"payload":{"scrollX":0,"scrollY":5954.66650390625,"documentHeight":9268,"viewportHeight":842}}
[2026-08-25T14:14:56.433Z] {"timestamp":1787667295626,"kind":"scroll","url":"http://localhost:3000/","viewport":{"width":1707,"height":842},"payload":{"scrollX":0,"scrollY":6425.77783203125,"documentHeight":9268,"viewportHeight":842}}
[2026-08-25T14:14:56.433Z] {"timestamp":1787667296126,"kind":"scroll","url":"http://localhost:3000/","viewport":{"width":1707,"height":842},"payload":{"scrollX":0,"scrollY":6969.77783203125,"documentHeight":9268,"viewportHeight":842}}
[2026-08-25T14:14:58.425Z] {"timestamp":1787667297629,"kind":"focusin","url":"http://localhost:3000/","viewport":{"width":1707,"height":842},"payload":{"target":{"tag":"button","id":null,"name":null,"type":null,"role":null,"ariaLabel":null,"testId":null,"dataLoc":"client\\src\\pages\\Home.tsx:74","href":null,"text":"View Certificate","selectorHint":"[data-loc=\"client\\src\\pages\\Home.tsx:74\"]"}}}
[2026-08-25T14:14:58.425Z] {"timestamp":1787667297854,"kind":"click","url":"http://localhost:3000/","viewport":{"width":1707,"height":842},"payload":{"target":{"tag":"button","id":null,"name":null,"type":null,"role":null,"ariaLabel":null,"testId":null,"dataLoc":"client\\src\\pages\\Home.tsx:74","href":null,"text":"View Certificate","selectorHint":"[data-loc=\"client\\src\\pages\\Home.tsx:74\"]"},"x":352,"y":394}}
[2026-08-25T14:15:00.428Z] {"timestamp":1787667298844,"kind":"scroll","url":"http://localhost:3000/","viewport":{"width":1707,"height":842},"payload":{"scrollX":0,"scrollY":7375.111328125,"documentHeight":9268,"viewportHeight":842}}
[2026-08-25T14:15:00.428Z] {"timestamp":1787667299359,"kind":"scroll","url":"http://localhost:3000/","viewport":{"width":1707,"height":842},"payload":{"scrollX":0,"scrollY":7677.33349609375,"documentHeight":9268,"viewportHeight":842}}
[2026-08-25T14:15:00.428Z] {"timestamp":1787667299949,"kind":"focusout","url":"http://localhost:3000/","viewport":{"width":1707,"height":842},"payload":{"target":{"tag":"button","id":null,"name":null,"type":null,"role":null,"ariaLabel":null,"testId":null,"dataLoc":"client\\src\\pages\\Home.tsx:74","href":null,"text":"View Certificate","selectorHint":"[data-loc=\"client\\src\\pages\\Home.tsx:74\"]"},"value":null}}
[2026-08-25T14:15:00.428Z] {"timestamp":1787667300070,"kind":"click","url":"http://localhost:3000/","viewport":{"width":1707,"height":842},"payload":{"target":{"tag":"div","id":null,"name":null,"type":null,"role":null,"ariaLabel":null,"testId":null,"dataLoc":"client\\src\\pages\\Home.tsx:82","href":null,"text":"BLANK CERTIFICATE PLACEHOLDER Python for Data Science Replace image at client/pu…","selectorHint":"[data-loc=\"client\\src\\pages\\Home.tsx:82\"]"},"x":894,"y":401}}
[2026-08-25T14:15:00.428Z] {"timestamp":1787667300289,"kind":"click","url":"http://localhost:3000/","viewport":{"width":1707,"height":842},"payload":{"target":{"tag":"div","id":null,"name":null,"type":null,"role":null,"ariaLabel":null,"testId":null,"dataLoc":"client\\src\\pages\\Home.tsx:82","href":null,"text":"BLANK CERTIFICATE PLACEHOLDER Python for Data Science Replace image at client/pu…","selectorHint":"[data-loc=\"client\\src\\pages\\Home.tsx:82\"]"},"x":894,"y":401}}
[2026-08-25T14:15:02.430Z] {"timestamp":1787667300834,"kind":"click","url":"http://localhost:3000/","viewport":{"width":1707,"height":842},"payload":{"target":{"tag":"div","id":null,"name":null,"type":null,"role":null,"ariaLabel":null,"testId":null,"dataLoc":"client\\src\\pages\\Home.tsx:82","href":null,"text":"BLANK CERTIFICATE PLACEHOLDER Python for Data Science Replace image at client/pu…","selectorHint":"[data-loc=\"client\\src\\pages\\Home.tsx:82\"]"},"x":894,"y":401}}
[2026-08-25T14:15:02.442Z] {"timestamp":1787667301693,"kind":"click","url":"http://localhost:3000/","viewport":{"width":1707,"height":842},"payload":{"target":{"tag":"div","id":null,"name":null,"type":null,"role":null,"ariaLabel":null,"testId":null,"dataLoc":"client\\src\\pages\\Home.tsx:82","href":null,"text":"BLANK CERTIFICATE PLACEHOLDER Python for Data Science Replace image at client/pu…","selectorHint":"[data-loc=\"client\\src\\pages\\Home.tsx:82\"]"},"x":1221,"y":388}}
[2026-08-25T14:15:04.430Z] {"timestamp":1787667302995,"kind":"focusin","url":"http://localhost:3000/","viewport":{"width":1707,"height":842},"payload":{"target":{"tag":"button","id":null,"name":null,"type":null,"role":null,"ariaLabel":"Close certificate viewer","testId":null,"dataLoc":"client\\src\\pages\\Home.tsx:82","href":null,"text":"","selectorHint":"[data-loc=\"client\\src\\pages\\Home.tsx:82\"]"}}}
[2026-08-25T14:15:04.430Z] {"timestamp":1787667303216,"kind":"click","url":"http://localhost:3000/","viewport":{"width":1707,"height":842},"payload":{"target":{"tag":"button","id":null,"name":null,"type":null,"role":null,"ariaLabel":"Close certificate viewer","testId":null,"dataLoc":"client\\src\\pages\\Home.tsx:82","href":null,"text":"","selectorHint":"[data-loc=\"client\\src\\pages\\Home.tsx:82\"]"},"x":1193,"y":178}}
[2026-08-25T14:15:04.430Z] {"timestamp":1787667303228,"kind":"focusout","url":"http://localhost:3000/","viewport":{"width":1707,"height":842},"payload":{"target":{"tag":"button","id":null,"name":null,"type":null,"role":null,"ariaLabel":"Close certificate viewer","testId":null,"dataLoc":"client\\src\\pages\\Home.tsx:82","href":null,"text":"","selectorHint":"[data-loc=\"client\\src\\pages\\Home.tsx:82\"]"},"value":null}}
[2026-08-25T14:15:04.430Z] {"timestamp":1787667303710,"kind":"scroll","url":"http://localhost:3000/","viewport":{"width":1707,"height":842},"payload":{"scrollX":0,"scrollY":7553.77783203125,"documentHeight":9268,"viewportHeight":842}}
[2026-08-25T14:15:04.430Z] {"timestamp":1787667304227,"kind":"scroll","url":"http://localhost:3000/","viewport":{"width":1707,"height":842},"payload":{"scrollX":0,"scrollY":7137.77783203125,"documentHeight":9268,"viewportHeight":842}}
[2026-08-25T14:16:45.331Z] {"timestamp":1787667403428,"kind":"scroll","url":"http://localhost:3000/","viewport":{"width":1707,"height":842},"payload":{"scrollX":0,"scrollY":7137.77783203125,"documentHeight":9268,"viewportHeight":842}}
[2026-08-25T14:16:45.331Z] {"timestamp":1787667404291,"kind":"focusin","url":"http://localhost:3000/","viewport":{"width":1707,"height":842},"payload":{"target":{"tag":"button","id":null,"name":null,"type":null,"role":null,"ariaLabel":null,"testId":null,"dataLoc":"client\\src\\pages\\Home.tsx:74","href":null,"text":"View Certificate","selectorHint":"[data-loc=\"client\\src\\pages\\Home.tsx:74\"]"}}}
[2026-08-25T14:16:45.331Z] {"timestamp":1787667404499,"kind":"click","url":"http://localhost:3000/","viewport":{"width":1707,"height":842},"payload":{"target":{"tag":"button","id":null,"name":null,"type":null,"role":null,"ariaLabel":null,"testId":null,"dataLoc":"client\\src\\pages\\Home.tsx:74","href":null,"text":"View Certificate","selectorHint":"[data-loc=\"client\\src\\pages\\Home.tsx:74\"]"},"x":384,"y":580}}
[2026-08-25T14:16:47.328Z] {"timestamp":1787667405488,"kind":"scroll","url":"http://localhost:3000/","viewport":{"width":1707,"height":842},"payload":{"scrollX":0,"scrollY":7233.77783203125,"documentHeight":9268,"viewportHeight":842}}
[2026-08-25T14:16:47.328Z] {"timestamp":1787667406122,"kind":"scroll","url":"http://localhost:3000/","viewport":{"width":1707,"height":842},"payload":{"scrollX":0,"scrollY":7414.22216796875,"documentHeight":9268,"viewportHeight":842}}
[2026-08-25T14:16:51.337Z] {"timestamp":1787667410805,"kind":"focusout","url":"http://localhost:3000/","viewport":{"width":1707,"height":842},"payload":{"target":{"tag":"button","id":null,"name":null,"type":null,"role":null,"ariaLabel":null,"testId":null,"dataLoc":"client\\src\\pages\\Home.tsx:74","href":null,"text":"View Certificate","selectorHint":"[data-loc=\"client\\src\\pages\\Home.tsx:74\"]"},"value":null}}
[2026-08-25T14:16:51.337Z] {"timestamp":1787667410806,"kind":"focusin","url":"http://localhost:3000/","viewport":{"width":1707,"height":842},"payload":{"target":{"tag":"button","id":null,"name":null,"type":null,"role":null,"ariaLabel":"Close certificate viewer","testId":null,"dataLoc":"client\\src\\pages\\Home.tsx:82","href":null,"text":"","selectorHint":"[data-loc=\"client\\src\\pages\\Home.tsx:82\"]"}}}
[2026-08-25T14:16:51.337Z] {"timestamp":1787667411020,"kind":"click","url":"http://localhost:3000/","viewport":{"width":1707,"height":842},"payload":{"target":{"tag":"button","id":null,"name":null,"type":null,"role":null,"ariaLabel":"Close certificate viewer","testId":null,"dataLoc":"client\\src\\pages\\Home.tsx:82","href":null,"text":"","selectorHint":"[data-loc=\"client\\src\\pages\\Home.tsx:82\"]"},"x":1200,"y":178}}
[2026-08-25T14:16:51.337Z] {"timestamp":1787667411033,"kind":"focusout","url":"http://localhost:3000/","viewport":{"width":1707,"height":842},"payload":{"target":{"tag":"button","id":null,"name":null,"type":null,"role":null,"ariaLabel":"Close certificate viewer","testId":null,"dataLoc":"client\\src\\pages\\Home.tsx:82","href":null,"text":"","selectorHint":"[data-loc=\"client\\src\\pages\\Home.tsx:82\"]"},"value":null}}
[2026-08-25T14:17:55.346Z] {"timestamp":1787667475021,"kind":"click","url":"http://localhost:3000/","viewport":{"width":1707,"height":842},"payload":{"target":{"tag":"article","id":null,"name":null,"type":null,"role":null,"ariaLabel":null,"testId":null,"dataLoc":"client\\src\\pages\\Home.tsx:74","href":null,"text":"02 ORACLE CLOUD INFRASTRUCTURE AI Foundations Associate Certificate of learning …","selectorHint":"[data-loc=\"client\\src\\pages\\Home.tsx:74\"]"},"x":762,"y":674}}
[2026-08-25T14:17:55.346Z] {"timestamp":1787667475184,"kind":"focusin","url":"http://localhost:3000/","viewport":{"width":1707,"height":842},"payload":{"target":{"tag":"button","id":null,"name":null,"type":null,"role":null,"ariaLabel":null,"testId":null,"dataLoc":"client\\src\\pages\\Home.tsx:74","href":null,"text":"View Certificate","selectorHint":"[data-loc=\"client\\src\\pages\\Home.tsx:74\"]"}}}
[2026-08-25T14:17:57.324Z] {"timestamp":1787667475410,"kind":"click","url":"http://localhost:3000/","viewport":{"width":1707,"height":842},"payload":{"target":{"tag":"button","id":null,"name":null,"type":null,"role":null,"ariaLabel":null,"testId":null,"dataLoc":"client\\src\\pages\\Home.tsx:74","href":null,"text":"View Certificate","selectorHint":"[data-loc=\"client\\src\\pages\\Home.tsx:74\"]"},"x":762,"y":674}}
[2026-08-25T14:17:59.709Z] {"timestamp":1787667477787,"kind":"focusout","url":"http://localhost:3000/","viewport":{"width":1707,"height":842},"payload":{"target":{"tag":"button","id":null,"name":null,"type":null,"role":null,"ariaLabel":null,"testId":null,"dataLoc":"client\\src\\pages\\Home.tsx:74","href":null,"text":"View Certificate","selectorHint":"[data-loc=\"client\\src\\pages\\Home.tsx:74\"]"},"value":null}}
[2026-08-25T14:17:59.709Z] {"timestamp":1787667477788,"kind":"focusin","url":"http://localhost:3000/","viewport":{"width":1707,"height":842},"payload":{"target":{"tag":"button","id":null,"name":null,"type":null,"role":null,"ariaLabel":"Close certificate viewer","testId":null,"dataLoc":"client\\src\\pages\\Home.tsx:82","href":null,"text":"","selectorHint":"[data-loc=\"client\\src\\pages\\Home.tsx:82\"]"}}}
[2026-08-25T14:17:59.709Z] {"timestamp":1787667478011,"kind":"click","url":"http://localhost:3000/","viewport":{"width":1707,"height":842},"payload":{"target":{"tag":"svg","id":null,"name":null,"type":null,"role":null,"ariaLabel":null,"testId":null,"dataLoc":"client\\src\\pages\\Home.tsx:82","href":null,"text":"","selectorHint":"[data-loc=\"client\\src\\pages\\Home.tsx:82\"]"},"x":1193,"y":195}}
[2026-08-25T14:17:59.709Z] {"timestamp":1787667478035,"kind":"focusout","url":"http://localhost:3000/","viewport":{"width":1707,"height":842},"payload":{"target":{"tag":"button","id":null,"name":null,"type":null,"role":null,"ariaLabel":"Close certificate viewer","testId":null,"dataLoc":"client\\src\\pages\\Home.tsx:82","href":null,"text":"","selectorHint":"[data-loc=\"client\\src\\pages\\Home.tsx:82\"]"},"value":null}}
[2026-08-25T14:18:51.983Z] {"timestamp":1787667530073,"kind":"scroll","url":"http://localhost:3000/","viewport":{"width":1707,"height":842},"payload":{"scrollX":0,"scrollY":7062.22216796875,"documentHeight":9268,"viewportHeight":842}}
[2026-08-25T14:18:51.983Z] {"timestamp":1787667530602,"kind":"scroll","url":"http://localhost:3000/","viewport":{"width":1707,"height":842},"payload":{"scrollX":0,"scrollY":7104.888671875,"documentHeight":9268,"viewportHeight":842}}
[2026-08-25T14:18:51.983Z] {"timestamp":1787667531445,"kind":"focusin","url":"http://localhost:3000/","viewport":{"width":1707,"height":842},"payload":{"target":{"tag":"button","id":null,"name":null,"type":null,"role":null,"ariaLabel":null,"testId":null,"dataLoc":"client\\src\\pages\\Home.tsx:74","href":null,"text":"View Certificate","selectorHint":"[data-loc=\"client\\src\\pages\\Home.tsx:74\"]"}}}
[2026-08-25T14:18:51.983Z] {"timestamp":1787667531664,"kind":"click","url":"http://localhost:3000/","viewport":{"width":1707,"height":842},"payload":{"target":{"tag":"button","id":null,"name":null,"type":null,"role":null,"ariaLabel":null,"testId":null,"dataLoc":"client\\src\\pages\\Home.tsx:74","href":null,"text":"View Certificate","selectorHint":"[data-loc=\"client\\src\\pages\\Home.tsx:74\"]"},"x":347,"y":414}}
[2026-08-25T14:18:53.965Z] {"timestamp":1787667532699,"kind":"scroll","url":"http://localhost:3000/","viewport":{"width":1707,"height":842},"payload":{"scrollX":0,"scrollY":7400.888671875,"documentHeight":9268,"viewportHeight":842}}
[2026-08-25T14:18:53.965Z] {"timestamp":1787667533200,"kind":"scroll","url":"http://localhost:3000/","viewport":{"width":1707,"height":842},"payload":{"scrollX":0,"scrollY":7539.5556640625,"documentHeight":9268,"viewportHeight":842}}
[2026-08-25T14:18:53.965Z] {"timestamp":1787667533733,"kind":"scroll","url":"http://localhost:3000/","viewport":{"width":1707,"height":842},"payload":{"scrollX":0,"scrollY":7272,"documentHeight":9268,"viewportHeight":842}}
[2026-08-25T14:18:57.975Z] {"timestamp":1787667537068,"kind":"focusout","url":"http://localhost:3000/","viewport":{"width":1707,"height":842},"payload":{"target":{"tag":"button","id":null,"name":null,"type":null,"role":null,"ariaLabel":null,"testId":null,"dataLoc":"client\\src\\pages\\Home.tsx:74","href":null,"text":"View Certificate","selectorHint":"[data-loc=\"client\\src\\pages\\Home.tsx:74\"]"},"value":null}}
[2026-08-25T14:18:57.975Z] {"timestamp":1787667537069,"kind":"focusin","url":"http://localhost:3000/","viewport":{"width":1707,"height":842},"payload":{"target":{"tag":"button","id":null,"name":null,"type":null,"role":null,"ariaLabel":"Close certificate viewer","testId":null,"dataLoc":"client\\src\\pages\\Home.tsx:82","href":null,"text":"","selectorHint":"[data-loc=\"client\\src\\pages\\Home.tsx:82\"]"}}}
[2026-08-25T14:18:57.975Z] {"timestamp":1787667537293,"kind":"click","url":"http://localhost:3000/","viewport":{"width":1707,"height":842},"payload":{"target":{"tag":"button","id":null,"name":null,"type":null,"role":null,"ariaLabel":"Close certificate viewer","testId":null,"dataLoc":"client\\src\\pages\\Home.tsx:82","href":null,"text":"","selectorHint":"[data-loc=\"client\\src\\pages\\Home.tsx:82\"]"},"x":1193,"y":204}}
[2026-08-25T14:18:57.975Z] {"timestamp":1787667537309,"kind":"focusout","url":"http://localhost:3000/","viewport":{"width":1707,"height":842},"payload":{"target":{"tag":"button","id":null,"name":null,"type":null,"role":null,"ariaLabel":"Close certificate viewer","testId":null,"dataLoc":"client\\src\\pages\\Home.tsx:82","href":null,"text":"","selectorHint":"[data-loc=\"client\\src\\pages\\Home.tsx:82\"]"},"value":null}}
[2026-08-25T14:20:25.974Z] {"timestamp":1787667625093,"kind":"focusin","url":"http://localhost:3000/","viewport":{"width":1707,"height":842},"payload":{"target":{"tag":"button","id":null,"name":null,"type":null,"role":null,"ariaLabel":null,"testId":null,"dataLoc":"client\\src\\pages\\Home.tsx:74","href":null,"text":"View Certificate","selectorHint":"[data-loc=\"client\\src\\pages\\Home.tsx:74\"]"}}}
[2026-08-25T14:20:25.974Z] {"timestamp":1787667625308,"kind":"click","url":"http://localhost:3000/","viewport":{"width":1707,"height":842},"payload":{"target":{"tag":"button","id":null,"name":null,"type":null,"role":null,"ariaLabel":null,"testId":null,"dataLoc":"client\\src\\pages\\Home.tsx:74","href":null,"text":"View Certificate","selectorHint":"[data-loc=\"client\\src\\pages\\Home.tsx:74\"]"},"x":383,"y":635}}
[2026-08-25T14:20:27.973Z] {"timestamp":1787667626465,"kind":"scroll","url":"http://localhost:3000/","viewport":{"width":1707,"height":842},"payload":{"scrollX":0,"scrollY":7304.888671875,"documentHeight":9268,"viewportHeight":842}}
[2026-08-25T14:20:27.973Z] {"timestamp":1787667626981,"kind":"scroll","url":"http://localhost:3000/","viewport":{"width":1707,"height":842},"payload":{"scrollX":0,"scrollY":7878.22216796875,"documentHeight":9268,"viewportHeight":842}}
[2026-08-25T14:20:27.973Z] {"timestamp":1787667627436,"kind":"focusout","url":"http://localhost:3000/","viewport":{"width":1707,"height":842},"payload":{"target":{"tag":"button","id":null,"name":null,"type":null,"role":null,"ariaLabel":null,"testId":null,"dataLoc":"client\\src\\pages\\Home.tsx:74","href":null,"text":"View Certificate","selectorHint":"[data-loc=\"client\\src\\pages\\Home.tsx:74\"]"},"value":null}}
[2026-08-25T14:20:27.973Z] {"timestamp":1787667627645,"kind":"click","url":"http://localhost:3000/","viewport":{"width":1707,"height":842},"payload":{"target":{"tag":"div","id":null,"name":null,"type":null,"role":null,"ariaLabel":null,"testId":null,"dataLoc":"client\\src\\pages\\Home.tsx:83","href":null,"text":"","selectorHint":"[data-loc=\"client\\src\\pages\\Home.tsx:83\"]"},"x":887,"y":332}}
[2026-08-25T14:20:29.454Z] {"timestamp":1787667628895,"kind":"scroll","url":"http://localhost:3000/client/public/images/certificates/Python%20for%20Data%20Science%20nptel%20certificate.pdf","viewport":{"width":715,"height":368},"payload":{"scrollX":0,"scrollY":45.33333206176758,"documentHeight":10445,"viewportHeight":368}}
[2026-08-25T14:20:29.454Z] {"timestamp":1787667629396,"kind":"scroll","url":"http://localhost:3000/client/public/images/certificates/Python%20for%20Data%20Science%20nptel%20certificate.pdf","viewport":{"width":715,"height":368},"payload":{"scrollX":0,"scrollY":2391.111083984375,"documentHeight":10445,"viewportHeight":368}}
[2026-08-25T14:20:31.962Z] {"timestamp":1787667631197,"kind":"focusin","url":"http://localhost:3000/","viewport":{"width":1707,"height":842},"payload":{"target":{"tag":"button","id":null,"name":null,"type":null,"role":null,"ariaLabel":"Close certificate viewer","testId":null,"dataLoc":"client\\src\\pages\\Home.tsx:82","href":null,"text":"","selectorHint":"[data-loc=\"client\\src\\pages\\Home.tsx:82\"]"}}}
[2026-08-25T14:20:31.962Z] {"timestamp":1787667631414,"kind":"click","url":"http://localhost:3000/","viewport":{"width":1707,"height":842},"payload":{"target":{"tag":"svg","id":null,"name":null,"type":null,"role":null,"ariaLabel":null,"testId":null,"dataLoc":"client\\src\\pages\\Home.tsx:82","href":null,"text":"","selectorHint":"[data-loc=\"client\\src\\pages\\Home.tsx:82\"]"},"x":1195,"y":200}}
[2026-08-25T14:20:31.962Z] {"timestamp":1787667631427,"kind":"focusout","url":"http://localhost:3000/","viewport":{"width":1707,"height":842},"payload":{"target":{"tag":"button","id":null,"name":null,"type":null,"role":null,"ariaLabel":"Close certificate viewer","testId":null,"dataLoc":"client\\src\\pages\\Home.tsx:82","href":null,"text":"","selectorHint":"[data-loc=\"client\\src\\pages\\Home.tsx:82\"]"},"value":null}}
[2026-08-25T14:20:31.962Z] {"timestamp":1787667631931,"kind":"scroll","url":"http://localhost:3000/","viewport":{"width":1707,"height":842},"payload":{"scrollX":0,"scrollY":7883.5556640625,"documentHeight":9268,"viewportHeight":842}}
[2026-08-25T14:20:34.684Z] {"timestamp":1787667632431,"kind":"scroll","url":"http://localhost:3000/","viewport":{"width":1707,"height":842},"payload":{"scrollX":0,"scrollY":7616,"documentHeight":9268,"viewportHeight":842}}
[2026-08-25T14:40:06.820Z] {"timestamp":1787668806180,"kind":"focusin","url":"http://localhost:3000/","viewport":{"width":1707,"height":842},"payload":{"target":{"tag":"a","id":null,"name":null,"type":null,"role":null,"ariaLabel":null,"testId":null,"dataLoc":"client\\src\\pages\\Home.tsx:90","href":"#contact","text":"07 CONTACT","selectorHint":"[data-loc=\"client\\src\\pages\\Home.tsx:90\"]"}}}
[2026-08-25T14:40:06.820Z] {"timestamp":1787668806405,"kind":"click","url":"http://localhost:3000/","viewport":{"width":1707,"height":842},"payload":{"target":{"tag":"a","id":null,"name":null,"type":null,"role":null,"ariaLabel":null,"testId":null,"dataLoc":"client\\src\\pages\\Home.tsx:90","href":"#contact","text":"07 CONTACT","selectorHint":"[data-loc=\"client\\src\\pages\\Home.tsx:90\"]"},"x":33,"y":348}}
[2026-08-25T14:40:06.820Z] {"timestamp":1787668806406,"kind":"navigate","url":"http://localhost:3000/#contact","viewport":{"width":1707,"height":842},"payload":{"reason":"popstate"}}
[2026-08-25T14:40:06.820Z] {"timestamp":1787668806407,"kind":"focusout","url":"http://localhost:3000/#contact","viewport":{"width":1707,"height":842},"payload":{"target":{"tag":"a","id":null,"name":null,"type":null,"role":null,"ariaLabel":null,"testId":null,"dataLoc":"client\\src\\pages\\Home.tsx:90","href":"#contact","text":"07 CONTACT","selectorHint":"[data-loc=\"client\\src\\pages\\Home.tsx:90\"]"},"value":null}}
[2026-08-25T14:40:06.820Z] {"timestamp":1787668806432,"kind":"navigate","url":"http://localhost:3000/#contact","viewport":{"width":1707,"height":842},"payload":{"reason":"hashchange"}}
[2026-08-25T14:40:06.820Z] {"timestamp":1787668806444,"kind":"scroll","url":"http://localhost:3000/#contact","viewport":{"width":1707,"height":842},"payload":{"scrollX":0,"scrollY":2.6666667461395264,"documentHeight":9268,"viewportHeight":842}}
[2026-08-25T14:40:08.800Z] {"timestamp":1787668806949,"kind":"scroll","url":"http://localhost:3000/#contact","viewport":{"width":1707,"height":842},"payload":{"scrollX":0,"scrollY":5848,"documentHeight":9268,"viewportHeight":842}}
[2026-08-25T14:40:08.800Z] {"timestamp":1787668807449,"kind":"scroll","url":"http://localhost:3000/#contact","viewport":{"width":1707,"height":842},"payload":{"scrollX":0,"scrollY":8071.111328125,"documentHeight":9268,"viewportHeight":842}}
[2026-08-25T14:40:08.800Z] {"timestamp":1787668807951,"kind":"scroll","url":"http://localhost:3000/#contact","viewport":{"width":1707,"height":842},"payload":{"scrollX":0,"scrollY":8333.3330078125,"documentHeight":9268,"viewportHeight":842}}
[2026-08-25T14:40:08.800Z] {"timestamp":1787668808452,"kind":"scroll","url":"http://localhost:3000/#contact","viewport":{"width":1707,"height":842},"payload":{"scrollX":0,"scrollY":7256,"documentHeight":9268,"viewportHeight":842}}
[2026-08-25T14:40:10.789Z] {"timestamp":1787668810585,"kind":"scroll","url":"http://localhost:3000/#contact","viewport":{"width":1707,"height":842},"payload":{"scrollX":0,"scrollY":7139.5556640625,"documentHeight":9268,"viewportHeight":842}}
[2026-08-25T14:40:12.802Z] {"timestamp":1787668811085,"kind":"scroll","url":"http://localhost:3000/#contact","viewport":{"width":1707,"height":842},"payload":{"scrollX":0,"scrollY":7016,"documentHeight":9268,"viewportHeight":842}}
[2026-08-25T14:40:12.802Z] {"timestamp":1787668811985,"kind":"scroll","url":"http://localhost:3000/#contact","viewport":{"width":1707,"height":842},"payload":{"scrollX":0,"scrollY":7141.33349609375,"documentHeight":9268,"viewportHeight":842}}
[2026-08-25T14:40:14.799Z] {"timestamp":1787668814317,"kind":"focusin","url":"http://localhost:3000/#contact","viewport":{"width":1707,"height":842},"payload":{"target":{"tag":"button","id":null,"name":null,"type":null,"role":null,"ariaLabel":null,"testId":null,"dataLoc":"client\\src\\pages\\Home.tsx:109","href":null,"text":"View Certificate","selectorHint":"[data-loc=\"client\\src\\pages\\Home.tsx:109\"]"}}}
[2026-08-25T14:40:14.799Z] {"timestamp":1787668814533,"kind":"click","url":"http://localhost:3000/#contact","viewport":{"width":1707,"height":842},"payload":{"target":{"tag":"button","id":null,"name":null,"type":null,"role":null,"ariaLabel":null,"testId":null,"dataLoc":"client\\src\\pages\\Home.tsx:109","href":null,"text":"View Certificate","selectorHint":"[data-loc=\"client\\src\\pages\\Home.tsx:109\"]"},"x":348,"y":501}}
[2026-08-25T14:40:16.789Z] {"timestamp":1787668816067,"kind":"scroll","url":"http://localhost:3000/#contact","viewport":{"width":1707,"height":842},"payload":{"scrollX":0,"scrollY":7381.33349609375,"documentHeight":9268,"viewportHeight":842}}
[2026-08-25T14:40:16.789Z] {"timestamp":1787668816568,"kind":"scroll","url":"http://localhost:3000/#contact","viewport":{"width":1707,"height":842},"payload":{"scrollX":0,"scrollY":7686.22216796875,"documentHeight":9268,"viewportHeight":842}}
[2026-08-25T14:40:20.789Z] {"timestamp":1787668820136,"kind":"focusout","url":"http://localhost:3000/#contact","viewport":{"width":1707,"height":842},"payload":{"target":{"tag":"button","id":null,"name":null,"type":null,"role":null,"ariaLabel":null,"testId":null,"dataLoc":"client\\src\\pages\\Home.tsx:109","href":null,"text":"View Certificate","selectorHint":"[data-loc=\"client\\src\\pages\\Home.tsx:109\"]"},"value":null}}
[2026-08-25T14:40:20.789Z] {"timestamp":1787668820137,"kind":"focusin","url":"http://localhost:3000/#contact","viewport":{"width":1707,"height":842},"payload":{"target":{"tag":"button","id":null,"name":null,"type":null,"role":null,"ariaLabel":"Close certificate viewer","testId":null,"dataLoc":"client\\src\\pages\\Home.tsx:117","href":null,"text":"","selectorHint":"[data-loc=\"client\\src\\pages\\Home.tsx:117\"]"}}}
[2026-08-25T14:40:20.789Z] {"timestamp":1787668820359,"kind":"click","url":"http://localhost:3000/#contact","viewport":{"width":1707,"height":842},"payload":{"target":{"tag":"svg","id":null,"name":null,"type":null,"role":null,"ariaLabel":null,"testId":null,"dataLoc":"client\\src\\pages\\Home.tsx:117","href":null,"text":"","selectorHint":"[data-loc=\"client\\src\\pages\\Home.tsx:117\"]"},"x":1195,"y":188}}
[2026-08-25T14:40:20.789Z] {"timestamp":1787668820371,"kind":"focusout","url":"http://localhost:3000/#contact","viewport":{"width":1707,"height":842},"payload":{"target":{"tag":"button","id":null,"name":null,"type":null,"role":null,"ariaLabel":"Close certificate viewer","testId":null,"dataLoc":"client\\src\\pages\\Home.tsx:117","href":null,"text":"","selectorHint":"[data-loc=\"client\\src\\pages\\Home.tsx:117\"]"},"value":null}}
[2026-08-25T14:40:22.791Z] {"timestamp":1787668821350,"kind":"focusin","url":"http://localhost:3000/#contact","viewport":{"width":1707,"height":842},"payload":{"target":{"tag":"button","id":null,"name":null,"type":null,"role":null,"ariaLabel":null,"testId":null,"dataLoc":"client\\src\\pages\\Home.tsx:109","href":null,"text":"View Certificate","selectorHint":"[data-loc=\"client\\src\\pages\\Home.tsx:109\"]"}}}
[2026-08-25T14:40:22.791Z] {"timestamp":1787668821574,"kind":"click","url":"http://localhost:3000/#contact","viewport":{"width":1707,"height":842},"payload":{"target":{"tag":"button","id":null,"name":null,"type":null,"role":null,"ariaLabel":null,"testId":null,"dataLoc":"client\\src\\pages\\Home.tsx:109","href":null,"text":"View Certificate","selectorHint":"[data-loc=\"client\\src\\pages\\Home.tsx:109\"]"},"x":755,"y":216}}
[2026-08-25T14:40:24.800Z] {"timestamp":1787668823461,"kind":"focusout","url":"http://localhost:3000/#contact","viewport":{"width":1707,"height":842},"payload":{"target":{"tag":"button","id":null,"name":null,"type":null,"role":null,"ariaLabel":null,"testId":null,"dataLoc":"client\\src\\pages\\Home.tsx:109","href":null,"text":"View Certificate","selectorHint":"[data-loc=\"client\\src\\pages\\Home.tsx:109\"]"},"value":null}}
[2026-08-25T14:40:24.800Z] {"timestamp":1787668823461,"kind":"focusin","url":"http://localhost:3000/#contact","viewport":{"width":1707,"height":842},"payload":{"target":{"tag":"button","id":null,"name":null,"type":null,"role":null,"ariaLabel":"Close certificate viewer","testId":null,"dataLoc":"client\\src\\pages\\Home.tsx:117","href":null,"text":"","selectorHint":"[data-loc=\"client\\src\\pages\\Home.tsx:117\"]"}}}
[2026-08-25T14:40:24.800Z] {"timestamp":1787668823683,"kind":"click","url":"http://localhost:3000/#contact","viewport":{"width":1707,"height":842},"payload":{"target":{"tag":"svg","id":null,"name":null,"type":null,"role":null,"ariaLabel":null,"testId":null,"dataLoc":"client\\src\\pages\\Home.tsx:117","href":null,"text":"","selectorHint":"[data-loc=\"client\\src\\pages\\Home.tsx:117\"]"},"x":1187,"y":188}}
[2026-08-25T14:40:24.800Z] {"timestamp":1787668823696,"kind":"focusout","url":"http://localhost:3000/#contact","viewport":{"width":1707,"height":842},"payload":{"target":{"tag":"button","id":null,"name":null,"type":null,"role":null,"ariaLabel":"Close certificate viewer","testId":null,"dataLoc":"client\\src\\pages\\Home.tsx:117","href":null,"text":"","selectorHint":"[data-loc=\"client\\src\\pages\\Home.tsx:117\"]"},"value":null}}
[2026-08-25T14:40:24.800Z] {"timestamp":1787668824402,"kind":"focusin","url":"http://localhost:3000/#contact","viewport":{"width":1707,"height":842},"payload":{"target":{"tag":"button","id":null,"name":null,"type":null,"role":null,"ariaLabel":null,"testId":null,"dataLoc":"client\\src\\pages\\Home.tsx:109","href":null,"text":"View Certificate","selectorHint":"[data-loc=\"client\\src\\pages\\Home.tsx:109\"]"}}}
[2026-08-25T14:40:24.800Z] {"timestamp":1787668824626,"kind":"click","url":"http://localhost:3000/#contact","viewport":{"width":1707,"height":842},"payload":{"target":{"tag":"button","id":null,"name":null,"type":null,"role":null,"ariaLabel":null,"testId":null,"dataLoc":"client\\src\\pages\\Home.tsx:109","href":null,"text":"View Certificate","selectorHint":"[data-loc=\"client\\src\\pages\\Home.tsx:109\"]"},"x":1085,"y":218}}
[2026-08-25T14:40:26.801Z] {"timestamp":1787668825861,"kind":"focusout","url":"http://localhost:3000/#contact","viewport":{"width":1707,"height":842},"payload":{"target":{"tag":"button","id":null,"name":null,"type":null,"role":null,"ariaLabel":null,"testId":null,"dataLoc":"client\\src\\pages\\Home.tsx:109","href":null,"text":"View Certificate","selectorHint":"[data-loc=\"client\\src\\pages\\Home.tsx:109\"]"},"value":null}}
[2026-08-25T14:40:26.802Z] {"timestamp":1787668825862,"kind":"focusin","url":"http://localhost:3000/#contact","viewport":{"width":1707,"height":842},"payload":{"target":{"tag":"button","id":null,"name":null,"type":null,"role":null,"ariaLabel":"Close certificate viewer","testId":null,"dataLoc":"client\\src\\pages\\Home.tsx:117","href":null,"text":"","selectorHint":"[data-loc=\"client\\src\\pages\\Home.tsx:117\"]"}}}
[2026-08-25T14:40:26.802Z] {"timestamp":1787668826077,"kind":"click","url":"http://localhost:3000/#contact","viewport":{"width":1707,"height":842},"payload":{"target":{"tag":"svg","id":null,"name":null,"type":null,"role":null,"ariaLabel":null,"testId":null,"dataLoc":"client\\src\\pages\\Home.tsx:117","href":null,"text":"","selectorHint":"[data-loc=\"client\\src\\pages\\Home.tsx:117\"]"},"x":1194,"y":195}}
[2026-08-25T14:40:26.802Z] {"timestamp":1787668826090,"kind":"focusout","url":"http://localhost:3000/#contact","viewport":{"width":1707,"height":842},"payload":{"target":{"tag":"button","id":null,"name":null,"type":null,"role":null,"ariaLabel":"Close certificate viewer","testId":null,"dataLoc":"client\\src\\pages\\Home.tsx:117","href":null,"text":"","selectorHint":"[data-loc=\"client\\src\\pages\\Home.tsx:117\"]"},"value":null}}
[2026-08-25T14:40:28.788Z] {"timestamp":1787668827090,"kind":"focusin","url":"http://localhost:3000/#contact","viewport":{"width":1707,"height":842},"payload":{"target":{"tag":"button","id":null,"name":null,"type":null,"role":null,"ariaLabel":null,"testId":null,"dataLoc":"client\\src\\pages\\Home.tsx:109","href":null,"text":"View Certificate","selectorHint":"[data-loc=\"client\\src\\pages\\Home.tsx:109\"]"}}}
[2026-08-25T14:40:28.788Z] {"timestamp":1787668827315,"kind":"click","url":"http://localhost:3000/#contact","viewport":{"width":1707,"height":842},"payload":{"target":{"tag":"button","id":null,"name":null,"type":null,"role":null,"ariaLabel":null,"testId":null,"dataLoc":"client\\src\\pages\\Home.tsx:109","href":null,"text":"View Certificate","selectorHint":"[data-loc=\"client\\src\\pages\\Home.tsx:109\"]"},"x":377,"y":450}}
[2026-08-25T14:40:32.795Z] {"timestamp":1787668832037,"kind":"focusout","url":"http://localhost:3000/#contact","viewport":{"width":1707,"height":842},"payload":{"target":{"tag":"button","id":null,"name":null,"type":null,"role":null,"ariaLabel":null,"testId":null,"dataLoc":"client\\src\\pages\\Home.tsx:109","href":null,"text":"View Certificate","selectorHint":"[data-loc=\"client\\src\\pages\\Home.tsx:109\"]"},"value":null}}
[2026-08-25T14:40:32.795Z] {"timestamp":1787668832264,"kind":"click","url":"http://localhost:3000/#contact","viewport":{"width":1707,"height":842},"payload":{"target":{"tag":"div","id":null,"name":null,"type":null,"role":null,"ariaLabel":null,"testId":null,"dataLoc":"client\\src\\pages\\Home.tsx:117","href":null,"text":"IBM DevOps, Agile and Design Thinking Certificate of learning","selectorHint":"[data-loc=\"client\\src\\pages\\Home.tsx:117\"]"},"x":1211,"y":185}}
[2026-08-25T14:40:32.795Z] {"timestamp":1787668832641,"kind":"focusin","url":"http://localhost:3000/#contact","viewport":{"width":1707,"height":842},"payload":{"target":{"tag":"button","id":null,"name":null,"type":null,"role":null,"ariaLabel":"Close certificate viewer","testId":null,"dataLoc":"client\\src\\pages\\Home.tsx:117","href":null,"text":"","selectorHint":"[data-loc=\"client\\src\\pages\\Home.tsx:117\"]"}}}
[2026-08-25T14:40:34.789Z] {"timestamp":1787668832859,"kind":"click","url":"http://localhost:3000/#contact","viewport":{"width":1707,"height":842},"payload":{"target":{"tag":"path","id":null,"name":null,"type":null,"role":null,"ariaLabel":null,"testId":null,"dataLoc":null,"href":null,"text":"","selectorHint":"path"},"x":1194,"y":190}}
[2026-08-25T14:40:34.790Z] {"timestamp":1787668832870,"kind":"focusout","url":"http://localhost:3000/#contact","viewport":{"width":1707,"height":842},"payload":{"target":{"tag":"button","id":null,"name":null,"type":null,"role":null,"ariaLabel":"Close certificate viewer","testId":null,"dataLoc":"client\\src\\pages\\Home.tsx:117","href":null,"text":"","selectorHint":"[data-loc=\"client\\src\\pages\\Home.tsx:117\"]"},"value":null}}
[2026-08-25T14:40:34.790Z] {"timestamp":1787668833840,"kind":"focusin","url":"http://localhost:3000/#contact","viewport":{"width":1707,"height":842},"payload":{"target":{"tag":"button","id":null,"name":null,"type":null,"role":null,"ariaLabel":null,"testId":null,"dataLoc":"client\\src\\pages\\Home.tsx:109","href":null,"text":"View Certificate","selectorHint":"[data-loc=\"client\\src\\pages\\Home.tsx:109\"]"}}}
[2026-08-25T14:40:34.790Z] {"timestamp":1787668834065,"kind":"click","url":"http://localhost:3000/#contact","viewport":{"width":1707,"height":842},"payload":{"target":{"tag":"button","id":null,"name":null,"type":null,"role":null,"ariaLabel":null,"testId":null,"dataLoc":"client\\src\\pages\\Home.tsx:109","href":null,"text":"View Certificate","selectorHint":"[data-loc=\"client\\src\\pages\\Home.tsx:109\"]"},"x":704,"y":443}}
[2026-08-25T14:40:36.801Z] {"timestamp":1787668835529,"kind":"focusout","url":"http://localhost:3000/#contact","viewport":{"width":1707,"height":842},"payload":{"target":{"tag":"button","id":null,"name":null,"type":null,"role":null,"ariaLabel":null,"testId":null,"dataLoc":"client\\src\\pages\\Home.tsx:109","href":null,"text":"View Certificate","selectorHint":"[data-loc=\"client\\src\\pages\\Home.tsx:109\"]"},"value":null}}
[2026-08-25T14:40:36.802Z] {"timestamp":1787668835529,"kind":"focusin","url":"http://localhost:3000/#contact","viewport":{"width":1707,"height":842},"payload":{"target":{"tag":"button","id":null,"name":null,"type":null,"role":null,"ariaLabel":"Close certificate viewer","testId":null,"dataLoc":"client\\src\\pages\\Home.tsx:117","href":null,"text":"","selectorHint":"[data-loc=\"client\\src\\pages\\Home.tsx:117\"]"}}}
[2026-08-25T14:40:36.802Z] {"timestamp":1787668835752,"kind":"click","url":"http://localhost:3000/#contact","viewport":{"width":1707,"height":842},"payload":{"target":{"tag":"svg","id":null,"name":null,"type":null,"role":null,"ariaLabel":null,"testId":null,"dataLoc":"client\\src\\pages\\Home.tsx:117","href":null,"text":"","selectorHint":"[data-loc=\"client\\src\\pages\\Home.tsx:117\"]"},"x":1195,"y":187}}
[2026-08-25T14:40:36.802Z] {"timestamp":1787668835769,"kind":"focusout","url":"http://localhost:3000/#contact","viewport":{"width":1707,"height":842},"payload":{"target":{"tag":"button","id":null,"name":null,"type":null,"role":null,"ariaLabel":"Close certificate viewer","testId":null,"dataLoc":"client\\src\\pages\\Home.tsx:117","href":null,"text":"","selectorHint":"[data-loc=\"client\\src\\pages\\Home.tsx:117\"]"},"value":null}}
[2026-08-25T14:40:38.791Z] {"timestamp":1787668837141,"kind":"click","url":"http://localhost:3000/#contact","viewport":{"width":1707,"height":842},"payload":{"target":{"tag":"article","id":null,"name":null,"type":null,"role":null,"ariaLabel":null,"testId":null,"dataLoc":"client\\src\\pages\\Home.tsx:109","href":null,"text":"06 AMARAVATI QUANTUM VALLEY Selected for Phase 2 Program selection View Certific…","selectorHint":"[data-loc=\"client\\src\\pages\\Home.tsx:109\"]"},"x":1076,"y":460}}
[2026-08-25T14:40:38.791Z] {"timestamp":1787668837579,"kind":"focusin","url":"http://localhost:3000/#contact","viewport":{"width":1707,"height":842},"payload":{"target":{"tag":"button","id":null,"name":null,"type":null,"role":null,"ariaLabel":null,"testId":null,"dataLoc":"client\\src\\pages\\Home.tsx:109","href":null,"text":"View Certificate","selectorHint":"[data-loc=\"client\\src\\pages\\Home.tsx:109\"]"}}}
[2026-08-25T14:40:38.791Z] {"timestamp":1787668837800,"kind":"click","url":"http://localhost:3000/#contact","viewport":{"width":1707,"height":842},"payload":{"target":{"tag":"button","id":null,"name":null,"type":null,"role":null,"ariaLabel":null,"testId":null,"dataLoc":"client\\src\\pages\\Home.tsx:109","href":null,"text":"View Certificate","selectorHint":"[data-loc=\"client\\src\\pages\\Home.tsx:109\"]"},"x":1090,"y":451}}
[2026-08-25T14:40:40.801Z] {"timestamp":1787668839100,"kind":"scroll","url":"http://localhost:3000/#contact","viewport":{"width":1707,"height":842},"payload":{"scrollX":0,"scrollY":7662.22216796875,"documentHeight":9268,"viewportHeight":842}}
[2026-08-25T14:40:40.801Z] {"timestamp":1787668839600,"kind":"scroll","url":"http://localhost:3000/#contact","viewport":{"width":1707,"height":842},"payload":{"scrollX":0,"scrollY":7795.5556640625,"documentHeight":9268,"viewportHeight":842}}
[2026-08-25T14:40:42.797Z] {"timestamp":1787668841090,"kind":"focusout","url":"http://localhost:3000/#contact","viewport":{"width":1707,"height":842},"payload":{"target":{"tag":"button","id":null,"name":null,"type":null,"role":null,"ariaLabel":null,"testId":null,"dataLoc":"client\\src\\pages\\Home.tsx:109","href":null,"text":"View Certificate","selectorHint":"[data-loc=\"client\\src\\pages\\Home.tsx:109\"]"},"value":null}}
[2026-08-25T14:40:42.798Z] {"timestamp":1787668841090,"kind":"focusin","url":"http://localhost:3000/#contact","viewport":{"width":1707,"height":842},"payload":{"target":{"tag":"button","id":null,"name":null,"type":null,"role":null,"ariaLabel":"Close certificate viewer","testId":null,"dataLoc":"client\\src\\pages\\Home.tsx:117","href":null,"text":"","selectorHint":"[data-loc=\"client\\src\\pages\\Home.tsx:117\"]"}}}
[2026-08-25T14:40:42.798Z] {"timestamp":1787668841314,"kind":"click","url":"http://localhost:3000/#contact","viewport":{"width":1707,"height":842},"payload":{"target":{"tag":"svg","id":null,"name":null,"type":null,"role":null,"ariaLabel":null,"testId":null,"dataLoc":"client\\src\\pages\\Home.tsx:117","href":null,"text":"","selectorHint":"[data-loc=\"client\\src\\pages\\Home.tsx:117\"]"},"x":1190,"y":191}}
[2026-08-25T14:40:42.798Z] {"timestamp":1787668841326,"kind":"focusout","url":"http://localhost:3000/#contact","viewport":{"width":1707,"height":842},"payload":{"target":{"tag":"button","id":null,"name":null,"type":null,"role":null,"ariaLabel":"Close certificate viewer","testId":null,"dataLoc":"client\\src\\pages\\Home.tsx:117","href":null,"text":"","selectorHint":"[data-loc=\"client\\src\\pages\\Home.tsx:117\"]"},"value":null}}
[2026-08-25T14:40:42.798Z] {"timestamp":1787668841932,"kind":"scroll","url":"http://localhost:3000/#contact","viewport":{"width":1707,"height":842},"payload":{"scrollX":0,"scrollY":7546.66650390625,"documentHeight":9268,"viewportHeight":842}}
[2026-08-25T14:40:46.792Z] {"timestamp":1787668845043,"kind":"focusin","url":"http://localhost:3000/#contact","viewport":{"width":1707,"height":842},"payload":{"target":{"tag":"button","id":null,"name":null,"type":null,"role":null,"ariaLabel":null,"testId":null,"dataLoc":"client\\src\\pages\\Home.tsx:109","href":null,"text":"View Certificate","selectorHint":"[data-loc=\"client\\src\\pages\\Home.tsx:109\"]"}}}
[2026-08-25T14:40:46.792Z] {"timestamp":1787668845266,"kind":"click","url":"http://localhost:3000/#contact","viewport":{"width":1707,"height":842},"payload":{"target":{"tag":"button","id":null,"name":null,"type":null,"role":null,"ariaLabel":null,"testId":null,"dataLoc":"client\\src\\pages\\Home.tsx:109","href":null,"text":"View Certificate","selectorHint":"[data-loc=\"client\\src\\pages\\Home.tsx:109\"]"},"x":741,"y":698}}
[2026-08-25T14:40:46.792Z] {"timestamp":1787668846666,"kind":"focusout","url":"http://localhost:3000/#contact","viewport":{"width":1707,"height":842},"payload":{"target":{"tag":"button","id":null,"name":null,"type":null,"role":null,"ariaLabel":null,"testId":null,"dataLoc":"client\\src\\pages\\Home.tsx:109","href":null,"text":"View Certificate","selectorHint":"[data-loc=\"client\\src\\pages\\Home.tsx:109\"]"},"value":null}}
[2026-08-25T14:40:46.792Z] {"timestamp":1787668846666,"kind":"focusin","url":"http://localhost:3000/#contact","viewport":{"width":1707,"height":842},"payload":{"target":{"tag":"button","id":null,"name":null,"type":null,"role":null,"ariaLabel":"Close certificate viewer","testId":null,"dataLoc":"client\\src\\pages\\Home.tsx:117","href":null,"text":"","selectorHint":"[data-loc=\"client\\src\\pages\\Home.tsx:117\"]"}}}
[2026-08-25T14:40:49.689Z] {"timestamp":1787668846887,"kind":"click","url":"http://localhost:3000/#contact","viewport":{"width":1707,"height":842},"payload":{"target":{"tag":"svg","id":null,"name":null,"type":null,"role":null,"ariaLabel":null,"testId":null,"dataLoc":"client\\src\\pages\\Home.tsx:117","href":null,"text":"","selectorHint":"[data-loc=\"client\\src\\pages\\Home.tsx:117\"]"},"x":1192,"y":202}}
[2026-08-25T14:40:49.689Z] {"timestamp":1787668846894,"kind":"focusout","url":"http://localhost:3000/#contact","viewport":{"width":1707,"height":842},"payload":{"target":{"tag":"button","id":null,"name":null,"type":null,"role":null,"ariaLabel":"Close certificate viewer","testId":null,"dataLoc":"client\\src\\pages\\Home.tsx:117","href":null,"text":"","selectorHint":"[data-loc=\"client\\src\\pages\\Home.tsx:117\"]"},"value":null}}
[2026-08-25T14:41:24.052Z] {"timestamp":1787668882146,"kind":"scroll","url":"http://localhost:3000/#contact","viewport":{"width":1707,"height":842},"payload":{"scrollX":0,"scrollY":7276.4443359375,"documentHeight":9268,"viewportHeight":842}}
[2026-08-25T14:41:24.052Z] {"timestamp":1787668883340,"kind":"focusin","url":"http://localhost:3000/#contact","viewport":{"width":1707,"height":842},"payload":{"target":{"tag":"button","id":null,"name":null,"type":null,"role":null,"ariaLabel":null,"testId":null,"dataLoc":"client\\src\\pages\\Home.tsx:109","href":null,"text":"View Certificate","selectorHint":"[data-loc=\"client\\src\\pages\\Home.tsx:109\"]"}}}
[2026-08-25T14:41:24.052Z] {"timestamp":1787668883559,"kind":"click","url":"http://localhost:3000/#contact","viewport":{"width":1707,"height":842},"payload":{"target":{"tag":"button","id":null,"name":null,"type":null,"role":null,"ariaLabel":null,"testId":null,"dataLoc":"client\\src\\pages\\Home.tsx:109","href":null,"text":"View Certificate","selectorHint":"[data-loc=\"client\\src\\pages\\Home.tsx:109\"]"},"x":367,"y":441}}
[2026-08-25T14:41:26.051Z] {"timestamp":1787668884914,"kind":"focusout","url":"http://localhost:3000/#contact","viewport":{"width":1707,"height":842},"payload":{"target":{"tag":"button","id":null,"name":null,"type":null,"role":null,"ariaLabel":null,"testId":null,"dataLoc":"client\\src\\pages\\Home.tsx:109","href":null,"text":"View Certificate","selectorHint":"[data-loc=\"client\\src\\pages\\Home.tsx:109\"]"},"value":null}}
[2026-08-25T14:41:26.051Z] {"timestamp":1787668885137,"kind":"click","url":"http://localhost:3000/#contact","viewport":{"width":1707,"height":842},"payload":{"target":{"tag":"div","id":null,"name":null,"type":null,"role":"dialog","ariaLabel":null,"testId":null,"dataLoc":"client\\src\\pages\\Home.tsx:117","href":null,"text":"NPTEL Python for Data Science Elite + Silver · 82% · Top 5%","selectorHint":"[data-loc=\"client\\src\\pages\\Home.tsx:117\"]"},"x":367,"y":441}}
[2026-08-25T14:41:28.049Z] {"timestamp":1787668886061,"kind":"focusin","url":"http://localhost:3000/#contact","viewport":{"width":1707,"height":842},"payload":{"target":{"tag":"button","id":null,"name":null,"type":null,"role":null,"ariaLabel":null,"testId":null,"dataLoc":"client\\src\\pages\\Home.tsx:109","href":null,"text":"View Certificate","selectorHint":"[data-loc=\"client\\src\\pages\\Home.tsx:109\"]"}}}
[2026-08-25T14:41:28.050Z] {"timestamp":1787668886278,"kind":"click","url":"http://localhost:3000/#contact","viewport":{"width":1707,"height":842},"payload":{"target":{"tag":"button","id":null,"name":null,"type":null,"role":null,"ariaLabel":null,"testId":null,"dataLoc":"client\\src\\pages\\Home.tsx:109","href":null,"text":"View Certificate","selectorHint":"[data-loc=\"client\\src\\pages\\Home.tsx:109\"]"},"x":706,"y":453}}
[2026-08-25T14:41:28.050Z] {"timestamp":1787668887587,"kind":"focusout","url":"http://localhost:3000/#contact","viewport":{"width":1707,"height":842},"payload":{"target":{"tag":"button","id":null,"name":null,"type":null,"role":null,"ariaLabel":null,"testId":null,"dataLoc":"client\\src\\pages\\Home.tsx:109","href":null,"text":"View Certificate","selectorHint":"[data-loc=\"client\\src\\pages\\Home.tsx:109\"]"},"value":null}}
[2026-08-25T14:41:28.050Z] {"timestamp":1787668887813,"kind":"click","url":"http://localhost:3000/#contact","viewport":{"width":1707,"height":842},"payload":{"target":{"tag":"div","id":null,"name":null,"type":null,"role":"dialog","ariaLabel":null,"testId":null,"dataLoc":"client\\src\\pages\\Home.tsx:117","href":null,"text":"Oracle Cloud Infrastructure AI Foundations Associate Certificate of learning","selectorHint":"[data-loc=\"client\\src\\pages\\Home.tsx:117\"]"},"x":1314,"y":467}}
[2026-08-25T14:41:30.050Z] {"timestamp":1787668888855,"kind":"click","url":"http://localhost:3000/#contact","viewport":{"width":1707,"height":842},"payload":{"target":{"tag":"article","id":null,"name":null,"type":null,"role":null,"ariaLabel":null,"testId":null,"dataLoc":"client\\src\\pages\\Home.tsx:109","href":null,"text":"03 IBM Fundamentals of AI Certificate of learning View Certificate","selectorHint":"[data-loc=\"client\\src\\pages\\Home.tsx:109\"]"},"x":1126,"y":442}}
[2026-08-25T14:41:30.050Z] {"timestamp":1787668889005,"kind":"focusin","url":"http://localhost:3000/#contact","viewport":{"width":1707,"height":842},"payload":{"target":{"tag":"button","id":null,"name":null,"type":null,"role":null,"ariaLabel":null,"testId":null,"dataLoc":"client\\src\\pages\\Home.tsx:109","href":null,"text":"View Certificate","selectorHint":"[data-loc=\"client\\src\\pages\\Home.tsx:109\"]"}}}
[2026-08-25T14:41:30.050Z] {"timestamp":1787668889216,"kind":"click","url":"http://localhost:3000/#contact","viewport":{"width":1707,"height":842},"payload":{"target":{"tag":"button","id":null,"name":null,"type":null,"role":null,"ariaLabel":null,"testId":null,"dataLoc":"client\\src\\pages\\Home.tsx:109","href":null,"text":"View Certificate","selectorHint":"[data-loc=\"client\\src\\pages\\Home.tsx:109\"]"},"x":1126,"y":442}}
[2026-08-25T14:41:32.047Z] {"timestamp":1787668890390,"kind":"focusout","url":"http://localhost:3000/#contact","viewport":{"width":1707,"height":842},"payload":{"target":{"tag":"button","id":null,"name":null,"type":null,"role":null,"ariaLabel":null,"testId":null,"dataLoc":"client\\src\\pages\\Home.tsx:109","href":null,"text":"View Certificate","selectorHint":"[data-loc=\"client\\src\\pages\\Home.tsx:109\"]"},"value":null}}
[2026-08-25T14:41:32.047Z] {"timestamp":1787668890606,"kind":"click","url":"http://localhost:3000/#contact","viewport":{"width":1707,"height":842},"payload":{"target":{"tag":"div","id":null,"name":null,"type":null,"role":"dialog","ariaLabel":null,"testId":null,"dataLoc":"client\\src\\pages\\Home.tsx:117","href":null,"text":"IBM Fundamentals of AI Certificate of learning","selectorHint":"[data-loc=\"client\\src\\pages\\Home.tsx:117\"]"},"x":1386,"y":395}}
[2026-08-25T14:41:32.047Z] {"timestamp":1787668891521,"kind":"focusin","url":"http://localhost:3000/#contact","viewport":{"width":1707,"height":842},"payload":{"target":{"tag":"button","id":null,"name":null,"type":null,"role":null,"ariaLabel":null,"testId":null,"dataLoc":"client\\src\\pages\\Home.tsx:109","href":null,"text":"View Certificate","selectorHint":"[data-loc=\"client\\src\\pages\\Home.tsx:109\"]"}}}
[2026-08-25T14:41:32.047Z] {"timestamp":1787668891736,"kind":"click","url":"http://localhost:3000/#contact","viewport":{"width":1707,"height":842},"payload":{"target":{"tag":"button","id":null,"name":null,"type":null,"role":null,"ariaLabel":null,"testId":null,"dataLoc":"client\\src\\pages\\Home.tsx:109","href":null,"text":"View Certificate","selectorHint":"[data-loc=\"client\\src\\pages\\Home.tsx:109\"]"},"x":1096,"y":679}}
[2026-08-25T14:41:34.045Z] {"timestamp":1787668892799,"kind":"focusout","url":"http://localhost:3000/#contact","viewport":{"width":1707,"height":842},"payload":{"target":{"tag":"button","id":null,"name":null,"type":null,"role":null,"ariaLabel":null,"testId":null,"dataLoc":"client\\src\\pages\\Home.tsx:109","href":null,"text":"View Certificate","selectorHint":"[data-loc=\"client\\src\\pages\\Home.tsx:109\"]"},"value":null}}
[2026-08-25T14:41:34.045Z] {"timestamp":1787668893013,"kind":"click","url":"http://localhost:3000/#contact","viewport":{"width":1707,"height":842},"payload":{"target":{"tag":"div","id":null,"name":null,"type":null,"role":"dialog","ariaLabel":null,"testId":null,"dataLoc":"client\\src\\pages\\Home.tsx:117","href":null,"text":"Amaravati Quantum Valley Selected for Phase 2 Program selection","selectorHint":"[data-loc=\"client\\src\\pages\\Home.tsx:117\"]"},"x":961,"y":729}}
[2026-08-25T14:41:34.045Z] {"timestamp":1787668893869,"kind":"focusin","url":"http://localhost:3000/#contact","viewport":{"width":1707,"height":842},"payload":{"target":{"tag":"button","id":null,"name":null,"type":null,"role":null,"ariaLabel":null,"testId":null,"dataLoc":"client\\src\\pages\\Home.tsx:109","href":null,"text":"View Certificate","selectorHint":"[data-loc=\"client\\src\\pages\\Home.tsx:109\"]"}}}
[2026-08-25T14:41:36.043Z] {"timestamp":1787668894091,"kind":"click","url":"http://localhost:3000/#contact","viewport":{"width":1707,"height":842},"payload":{"target":{"tag":"button","id":null,"name":null,"type":null,"role":null,"ariaLabel":null,"testId":null,"dataLoc":"client\\src\\pages\\Home.tsx:109","href":null,"text":"View Certificate","selectorHint":"[data-loc=\"client\\src\\pages\\Home.tsx:109\"]"},"x":762,"y":681}}
[2026-08-25T14:41:36.043Z] {"timestamp":1787668895947,"kind":"scroll","url":"http://localhost:3000/#contact","viewport":{"width":1707,"height":842},"payload":{"scrollX":0,"scrollY":7392.888671875,"documentHeight":9268,"viewportHeight":842}}
[2026-08-25T14:41:38.054Z] {"timestamp":1787668896463,"kind":"scroll","url":"http://localhost:3000/#contact","viewport":{"width":1707,"height":842},"payload":{"scrollX":0,"scrollY":7419.5556640625,"documentHeight":9268,"viewportHeight":842}}
[2026-08-25T14:41:38.054Z] {"timestamp":1787668897130,"kind":"focusout","url":"http://localhost:3000/#contact","viewport":{"width":1707,"height":842},"payload":{"target":{"tag":"button","id":null,"name":null,"type":null,"role":null,"ariaLabel":null,"testId":null,"dataLoc":"client\\src\\pages\\Home.tsx:109","href":null,"text":"View Certificate","selectorHint":"[data-loc=\"client\\src\\pages\\Home.tsx:109\"]"},"value":null}}
[2026-08-25T14:41:38.054Z] {"timestamp":1787668897349,"kind":"click","url":"http://localhost:3000/#contact","viewport":{"width":1707,"height":842},"payload":{"target":{"tag":"div","id":null,"name":null,"type":null,"role":"dialog","ariaLabel":null,"testId":null,"dataLoc":"client\\src\\pages\\Home.tsx:117","href":null,"text":"WISER Quantum Fundamentals Certificate of learning","selectorHint":"[data-loc=\"client\\src\\pages\\Home.tsx:117\"]"},"x":384,"y":395}}
[2026-08-25T14:41:40.047Z] {"timestamp":1787668898078,"kind":"focusin","url":"http://localhost:3000/#contact","viewport":{"width":1707,"height":842},"payload":{"target":{"tag":"button","id":null,"name":null,"type":null,"role":null,"ariaLabel":null,"testId":null,"dataLoc":"client\\src\\pages\\Home.tsx:109","href":null,"text":"View Certificate","selectorHint":"[data-loc=\"client\\src\\pages\\Home.tsx:109\"]"}}}
[2026-08-25T14:41:40.047Z] {"timestamp":1787668898303,"kind":"click","url":"http://localhost:3000/#contact","viewport":{"width":1707,"height":842},"payload":{"target":{"tag":"button","id":null,"name":null,"type":null,"role":null,"ariaLabel":null,"testId":null,"dataLoc":"client\\src\\pages\\Home.tsx:109","href":null,"text":"View Certificate","selectorHint":"[data-loc=\"client\\src\\pages\\Home.tsx:109\"]"},"x":352,"y":535}}
[2026-08-25T14:41:40.047Z] {"timestamp":1787668899329,"kind":"scroll","url":"http://localhost:3000/#contact","viewport":{"width":1707,"height":842},"payload":{"scrollX":0,"scrollY":7457.77783203125,"documentHeight":9268,"viewportHeight":842}}
[2026-08-25T14:41:42.689Z] {"timestamp":1787668900209,"kind":"focusout","url":"http://localhost:3000/#contact","viewport":{"width":1707,"height":842},"payload":{"target":{"tag":"button","id":null,"name":null,"type":null,"role":null,"ariaLabel":null,"testId":null,"dataLoc":"client\\src\\pages\\Home.tsx:109","href":null,"text":"View Certificate","selectorHint":"[data-loc=\"client\\src\\pages\\Home.tsx:109\"]"},"value":null}}
[2026-08-25T14:41:42.689Z] {"timestamp":1787668900438,"kind":"click","url":"http://localhost:3000/#contact","viewport":{"width":1707,"height":842},"payload":{"target":{"tag":"div","id":null,"name":null,"type":null,"role":"dialog","ariaLabel":null,"testId":null,"dataLoc":"client\\src\\pages\\Home.tsx:117","href":null,"text":"IBM DevOps, Agile and Design Thinking Certificate of learning","selectorHint":"[data-loc=\"client\\src\\pages\\Home.tsx:117\"]"},"x":450,"y":375}}
[2026-08-25T14:44:04.042Z] {"timestamp":1787669042763,"kind":"focusin","url":"http://localhost:3000/#contact","viewport":{"width":1707,"height":842},"payload":{"target":{"tag":"button","id":null,"name":null,"type":null,"role":null,"ariaLabel":null,"testId":null,"dataLoc":"client\\src\\pages\\Home.tsx:109","href":null,"text":"View Certificate","selectorHint":"[data-loc=\"client\\src\\pages\\Home.tsx:109\"]"}}}
[2026-08-25T14:44:04.042Z] {"timestamp":1787669042984,"kind":"click","url":"http://localhost:3000/#contact","viewport":{"width":1707,"height":842},"payload":{"target":{"tag":"button","id":null,"name":null,"type":null,"role":null,"ariaLabel":null,"testId":null,"dataLoc":"client\\src\\pages\\Home.tsx:109","href":null,"text":"View Certificate","selectorHint":"[data-loc=\"client\\src\\pages\\Home.tsx:109\"]"},"x":382,"y":125}}
[2026-08-25T14:44:06.046Z] {"timestamp":1787669044237,"kind":"focusout","url":"http://localhost:3000/#contact","viewport":{"width":1707,"height":842},"payload":{"target":{"tag":"button","id":null,"name":null,"type":null,"role":null,"ariaLabel":null,"testId":null,"dataLoc":"client\\src\\pages\\Home.tsx:109","href":null,"text":"View Certificate","selectorHint":"[data-loc=\"client\\src\\pages\\Home.tsx:109\"]"},"value":null}}
[2026-08-25T14:44:06.046Z] {"timestamp":1787669044460,"kind":"click","url":"http://localhost:3000/#contact","viewport":{"width":1707,"height":842},"payload":{"target":{"tag":"div","id":null,"name":null,"type":null,"role":"dialog","ariaLabel":null,"testId":null,"dataLoc":"client\\src\\pages\\Home.tsx:117","href":null,"text":"NPTEL Python for Data Science Elite + Silver · 82% · Top 5%","selectorHint":"[data-loc=\"client\\src\\pages\\Home.tsx:117\"]"},"x":366,"y":262}}
[2026-08-25T14:44:06.046Z] {"timestamp":1787669045349,"kind":"focusin","url":"http://localhost:3000/#contact","viewport":{"width":1707,"height":842},"payload":{"target":{"tag":"button","id":null,"name":null,"type":null,"role":null,"ariaLabel":null,"testId":null,"dataLoc":"client\\src\\pages\\Home.tsx:109","href":null,"text":"View Certificate","selectorHint":"[data-loc=\"client\\src\\pages\\Home.tsx:109\"]"}}}
[2026-08-25T14:44:06.046Z] {"timestamp":1787669045568,"kind":"click","url":"http://localhost:3000/#contact","viewport":{"width":1707,"height":842},"payload":{"target":{"tag":"svg","id":null,"name":null,"type":null,"role":null,"ariaLabel":null,"testId":null,"dataLoc":"client\\src\\pages\\Home.tsx:109","href":null,"text":"","selectorHint":"[data-loc=\"client\\src\\pages\\Home.tsx:109\"]"},"x":777,"y":114}}
[2026-08-25T14:44:08.042Z] {"timestamp":1787669046991,"kind":"scroll","url":"http://localhost:3000/#contact","viewport":{"width":1707,"height":842},"payload":{"scrollX":0,"scrollY":7742.22216796875,"documentHeight":9268,"viewportHeight":842}}
[2026-08-25T14:44:08.042Z] {"timestamp":1787669047493,"kind":"scroll","url":"http://localhost:3000/#contact","viewport":{"width":1707,"height":842},"payload":{"scrollX":0,"scrollY":8124.4443359375,"documentHeight":9268,"viewportHeight":842}}
[2026-08-25T14:44:10.044Z] {"timestamp":1787669048318,"kind":"focusout","url":"http://localhost:3000/#contact","viewport":{"width":1707,"height":842},"payload":{"target":{"tag":"button","id":null,"name":null,"type":null,"role":null,"ariaLabel":null,"testId":null,"dataLoc":"client\\src\\pages\\Home.tsx:109","href":null,"text":"View Certificate","selectorHint":"[data-loc=\"client\\src\\pages\\Home.tsx:109\"]"},"value":null}}
[2026-08-25T14:44:10.044Z] {"timestamp":1787669048544,"kind":"click","url":"http://localhost:3000/#contact","viewport":{"width":1707,"height":842},"payload":{"target":{"tag":"div","id":null,"name":null,"type":null,"role":"dialog","ariaLabel":null,"testId":null,"dataLoc":"client\\src\\pages\\Home.tsx:117","href":null,"text":"Oracle Cloud Infrastructure AI Foundations Associate Certificate of learning","selectorHint":"[data-loc=\"client\\src\\pages\\Home.tsx:117\"]"},"x":1343,"y":260}}
[2026-08-25T14:44:10.044Z] {"timestamp":1787669048640,"kind":"scroll","url":"http://localhost:3000/#contact","viewport":{"width":1707,"height":842},"payload":{"scrollX":0,"scrollY":7710.22216796875,"documentHeight":9268,"viewportHeight":842}}
[2026-08-25T14:44:10.044Z] {"timestamp":1787669049916,"kind":"click","url":"http://localhost:3000/#contact","viewport":{"width":1707,"height":842},"payload":{"target":{"tag":"article","id":null,"name":null,"type":null,"role":null,"ariaLabel":null,"testId":null,"dataLoc":"client\\src\\pages\\Home.tsx:109","href":null,"text":"03 IBM Fundamentals of AI Certificate of learning View Certificate","selectorHint":"[data-loc=\"client\\src\\pages\\Home.tsx:109\"]"},"x":1138,"y":229}}
[2026-08-25T14:44:12.042Z] {"timestamp":1787669050353,"kind":"focusin","url":"http://localhost:3000/#contact","viewport":{"width":1707,"height":842},"payload":{"target":{"tag":"button","id":null,"name":null,"type":null,"role":null,"ariaLabel":null,"testId":null,"dataLoc":"client\\src\\pages\\Home.tsx:109","href":null,"text":"View Certificate","selectorHint":"[data-loc=\"client\\src\\pages\\Home.tsx:109\"]"}}}
[2026-08-25T14:44:12.042Z] {"timestamp":1787669050573,"kind":"click","url":"http://localhost:3000/#contact","viewport":{"width":1707,"height":842},"payload":{"target":{"tag":"button","id":null,"name":null,"type":null,"role":null,"ariaLabel":null,"testId":null,"dataLoc":"client\\src\\pages\\Home.tsx:109","href":null,"text":"View Certificate","selectorHint":"[data-loc=\"client\\src\\pages\\Home.tsx:109\"]"},"x":1111,"y":215}}
[2026-08-25T14:44:12.042Z] {"timestamp":1787669051492,"kind":"focusout","url":"http://localhost:3000/#contact","viewport":{"width":1707,"height":842},"payload":{"target":{"tag":"button","id":null,"name":null,"type":null,"role":null,"ariaLabel":null,"testId":null,"dataLoc":"client\\src\\pages\\Home.tsx:109","href":null,"text":"View Certificate","selectorHint":"[data-loc=\"client\\src\\pages\\Home.tsx:109\"]"},"value":null}}
[2026-08-25T14:44:12.042Z] {"timestamp":1787669051699,"kind":"click","url":"http://localhost:3000/#contact","viewport":{"width":1707,"height":842},"payload":{"target":{"tag":"div","id":null,"name":null,"type":null,"role":"dialog","ariaLabel":null,"testId":null,"dataLoc":"client\\src\\pages\\Home.tsx:117","href":null,"text":"IBM Fundamentals of AI Certificate of learning","selectorHint":"[data-loc=\"client\\src\\pages\\Home.tsx:117\"]"},"x":395,"y":406}}
[2026-08-25T14:48:40.902Z] {"timestamp":1787669319075,"kind":"scroll","url":"http://localhost:3000/#contact","viewport":{"width":1707,"height":842},"payload":{"scrollX":0,"scrollY":7522.66650390625,"documentHeight":9268,"viewportHeight":842}}
[2026-08-25T14:48:40.902Z] {"timestamp":1787669319797,"kind":"focusin","url":"http://localhost:3000/#contact","viewport":{"width":1707,"height":842},"payload":{"target":{"tag":"button","id":null,"name":null,"type":null,"role":null,"ariaLabel":null,"testId":null,"dataLoc":"client\\src\\pages\\Home.tsx:109","href":null,"text":"View Certificate","selectorHint":"[data-loc=\"client\\src\\pages\\Home.tsx:109\"]"}}}
[2026-08-25T14:48:40.902Z] {"timestamp":1787669320023,"kind":"click","url":"http://localhost:3000/#contact","viewport":{"width":1707,"height":842},"payload":{"target":{"tag":"button","id":null,"name":null,"type":null,"role":null,"ariaLabel":null,"testId":null,"dataLoc":"client\\src\\pages\\Home.tsx:109","href":null,"text":"View Certificate","selectorHint":"[data-loc=\"client\\src\\pages\\Home.tsx:109\"]"},"x":356,"y":208}}
[2026-08-25T14:48:42.916Z] {"timestamp":1787669321563,"kind":"focusout","url":"http://localhost:3000/#contact","viewport":{"width":1707,"height":842},"payload":{"target":{"tag":"button","id":null,"name":null,"type":null,"role":null,"ariaLabel":null,"testId":null,"dataLoc":"client\\src\\pages\\Home.tsx:109","href":null,"text":"View Certificate","selectorHint":"[data-loc=\"client\\src\\pages\\Home.tsx:109\"]"},"value":null}}
[2026-08-25T14:48:42.916Z] {"timestamp":1787669321788,"kind":"click","url":"http://localhost:3000/#contact","viewport":{"width":1707,"height":842},"payload":{"target":{"tag":"div","id":null,"name":null,"type":null,"role":"dialog","ariaLabel":null,"testId":null,"dataLoc":"client\\src\\pages\\Home.tsx:117","href":null,"text":"NPTEL Python for Data Science Elite + Silver · 82% · Top 5%","selectorHint":"[data-loc=\"client\\src\\pages\\Home.tsx:117\"]"},"x":390,"y":394}}
[2026-08-25T14:48:42.916Z] {"timestamp":1787669322668,"kind":"focusin","url":"http://localhost:3000/#contact","viewport":{"width":1707,"height":842},"payload":{"target":{"tag":"button","id":null,"name":null,"type":null,"role":null,"ariaLabel":null,"testId":null,"dataLoc":"client\\src\\pages\\Home.tsx:109","href":null,"text":"View Certificate","selectorHint":"[data-loc=\"client\\src\\pages\\Home.tsx:109\"]"}}}
[2026-08-25T14:48:42.916Z] {"timestamp":1787669322880,"kind":"click","url":"http://localhost:3000/#contact","viewport":{"width":1707,"height":842},"payload":{"target":{"tag":"button","id":null,"name":null,"type":null,"role":null,"ariaLabel":null,"testId":null,"dataLoc":"client\\src\\pages\\Home.tsx:109","href":null,"text":"View Certificate","selectorHint":"[data-loc=\"client\\src\\pages\\Home.tsx:109\"]"},"x":743,"y":204}}
[2026-08-25T14:48:45.682Z] {"timestamp":1787669323751,"kind":"focusout","url":"http://localhost:3000/#contact","viewport":{"width":1707,"height":842},"payload":{"target":{"tag":"button","id":null,"name":null,"type":null,"role":null,"ariaLabel":null,"testId":null,"dataLoc":"client\\src\\pages\\Home.tsx:109","href":null,"text":"View Certificate","selectorHint":"[data-loc=\"client\\src\\pages\\Home.tsx:109\"]"},"value":null}}
[2026-08-25T14:48:45.683Z] {"timestamp":1787669323963,"kind":"click","url":"http://localhost:3000/#contact","viewport":{"width":1707,"height":842},"payload":{"target":{"tag":"div","id":null,"name":null,"type":null,"role":"dialog","ariaLabel":null,"testId":null,"dataLoc":"client\\src\\pages\\Home.tsx:117","href":null,"text":"Oracle Cloud Infrastructure AI Foundations Associate Certificate of learning","selectorHint":"[data-loc=\"client\\src\\pages\\Home.tsx:117\"]"},"x":424,"y":392}}
[2026-08-25T14:50:52.267Z] {"timestamp":1787669450412,"kind":"scroll","url":"http://localhost:3000/#contact","viewport":{"width":1707,"height":842},"payload":{"scrollX":0,"scrollY":7541.33349609375,"documentHeight":9268,"viewportHeight":842}}
[2026-08-25T14:50:52.267Z] {"timestamp":1787669451385,"kind":"scroll","url":"http://localhost:3000/#contact","viewport":{"width":1707,"height":842},"payload":{"scrollX":0,"scrollY":7330.66650390625,"documentHeight":9268,"viewportHeight":842}}
[2026-08-25T14:50:52.267Z] {"timestamp":1787669451908,"kind":"scroll","url":"http://localhost:3000/#contact","viewport":{"width":1707,"height":842},"payload":{"scrollX":0,"scrollY":4568,"documentHeight":9268,"viewportHeight":842}}
[2026-08-25T14:50:54.266Z] {"timestamp":1787669452408,"kind":"scroll","url":"http://localhost:3000/#contact","viewport":{"width":1707,"height":842},"payload":{"scrollX":0,"scrollY":1693.3333740234375,"documentHeight":9268,"viewportHeight":842}}
[2026-08-25T14:50:56.262Z] {"timestamp":1787669455218,"kind":"scroll","url":"http://localhost:3000/#contact","viewport":{"width":1707,"height":842},"payload":{"scrollX":0,"scrollY":36.44444274902344,"documentHeight":9268,"viewportHeight":842}}
[2026-08-25T14:50:56.262Z] {"timestamp":1787669455740,"kind":"scroll","url":"http://localhost:3000/#contact","viewport":{"width":1707,"height":842},"payload":{"scrollX":0,"scrollY":757.3333129882812,"documentHeight":9268,"viewportHeight":842}}
[2026-08-25T14:50:56.262Z] {"timestamp":1787669456241,"kind":"scroll","url":"http://localhost:3000/#contact","viewport":{"width":1707,"height":842},"payload":{"scrollX":0,"scrollY":1191.111083984375,"documentHeight":9268,"viewportHeight":842}}
[2026-08-25T14:50:58.261Z] {"timestamp":1787669456740,"kind":"scroll","url":"http://localhost:3000/#contact","viewport":{"width":1707,"height":842},"payload":{"scrollX":0,"scrollY":1578.6666259765625,"documentHeight":9268,"viewportHeight":842}}
[2026-08-25T14:50:58.261Z] {"timestamp":1787669457240,"kind":"scroll","url":"http://localhost:3000/#contact","viewport":{"width":1707,"height":842},"payload":{"scrollX":0,"scrollY":1968,"documentHeight":9268,"viewportHeight":842}}
[2026-08-25T14:50:58.261Z] {"timestamp":1787669457772,"kind":"scroll","url":"http://localhost:3000/#contact","viewport":{"width":1707,"height":842},"payload":{"scrollX":0,"scrollY":2759.111083984375,"documentHeight":9268,"viewportHeight":842}}
[2026-08-25T14:51:00.261Z] {"timestamp":1787669458273,"kind":"scroll","url":"http://localhost:3000/#contact","viewport":{"width":1707,"height":842},"payload":{"scrollX":0,"scrollY":3216,"documentHeight":9268,"viewportHeight":842}}
[2026-08-25T14:51:00.261Z] {"timestamp":1787669458774,"kind":"scroll","url":"http://localhost:3000/#contact","viewport":{"width":1707,"height":842},"payload":{"scrollX":0,"scrollY":3257.77783203125,"documentHeight":9268,"viewportHeight":842}}
[2026-08-25T14:51:00.261Z] {"timestamp":1787669459278,"kind":"scroll","url":"http://localhost:3000/#contact","viewport":{"width":1707,"height":842},"payload":{"scrollX":0,"scrollY":3580.4443359375,"documentHeight":9268,"viewportHeight":842}}
[2026-08-25T14:51:00.261Z] {"timestamp":1787669459950,"kind":"scroll","url":"http://localhost:3000/#contact","viewport":{"width":1707,"height":842},"payload":{"scrollX":0,"scrollY":3669.333251953125,"documentHeight":9268,"viewportHeight":842}}
[2026-08-25T14:51:02.263Z] {"timestamp":1787669460474,"kind":"scroll","url":"http://localhost:3000/#contact","viewport":{"width":1707,"height":842},"payload":{"scrollX":0,"scrollY":4327.111328125,"documentHeight":9268,"viewportHeight":842}}
[2026-08-25T14:51:02.264Z] {"timestamp":1787669461714,"kind":"focusin","url":"http://localhost:3000/#contact","viewport":{"width":1707,"height":842},"payload":{"target":{"tag":"button","id":null,"name":null,"type":null,"role":null,"ariaLabel":null,"testId":null,"dataLoc":"client\\src\\pages\\Home.tsx:101","href":null,"text":"View More Projects","selectorHint":"[data-loc=\"client\\src\\pages\\Home.tsx:101\"]"}}}
[2026-08-25T14:51:02.264Z] {"timestamp":1787669461929,"kind":"click","url":"http://localhost:3000/#contact","viewport":{"width":1707,"height":842},"payload":{"target":{"tag":"button","id":null,"name":null,"type":null,"role":null,"ariaLabel":null,"testId":null,"dataLoc":"client\\src\\pages\\Home.tsx:101","href":null,"text":"View More Projects","selectorHint":"[data-loc=\"client\\src\\pages\\Home.tsx:101\"]"},"x":842,"y":236}}
[2026-08-25T14:51:02.264Z] {"timestamp":1787669461941,"kind":"focusout","url":"http://localhost:3000/#contact","viewport":{"width":1707,"height":842},"payload":{"target":{"tag":"button","id":null,"name":null,"type":null,"role":null,"ariaLabel":null,"testId":null,"dataLoc":"client\\src\\pages\\Home.tsx:101","href":null,"text":"View More Projects","selectorHint":"[data-loc=\"client\\src\\pages\\Home.tsx:101\"]"},"value":null}}
[2026-08-25T14:51:04.250Z] {"timestamp":1787669462584,"kind":"scroll","url":"http://localhost:3000/#contact","viewport":{"width":1707,"height":842},"payload":{"scrollX":0,"scrollY":4664,"documentHeight":9588,"viewportHeight":842}}
[2026-08-25T14:51:04.250Z] {"timestamp":1787669463106,"kind":"scroll","url":"http://localhost:3000/#contact","viewport":{"width":1707,"height":842},"payload":{"scrollX":0,"scrollY":5488,"documentHeight":9588,"viewportHeight":842}}
[2026-08-25T14:51:04.250Z] {"timestamp":1787669463851,"kind":"scroll","url":"http://localhost:3000/#contact","viewport":{"width":1707,"height":842},"payload":{"scrollX":0,"scrollY":5948.4443359375,"documentHeight":9588,"viewportHeight":842}}
[2026-08-25T14:51:06.264Z] {"timestamp":1787669464373,"kind":"scroll","url":"http://localhost:3000/#contact","viewport":{"width":1707,"height":842},"payload":{"scrollX":0,"scrollY":6826.66650390625,"documentHeight":9588,"viewportHeight":842}}
[2026-08-25T14:51:06.264Z] {"timestamp":1787669464873,"kind":"scroll","url":"http://localhost:3000/#contact","viewport":{"width":1707,"height":842},"payload":{"scrollX":0,"scrollY":7249.77783203125,"documentHeight":9588,"viewportHeight":842}}
[2026-08-25T14:51:08.254Z] {"timestamp":1787669466358,"kind":"focusin","url":"http://localhost:3000/#contact","viewport":{"width":1707,"height":842},"payload":{"target":{"tag":"button","id":null,"name":null,"type":null,"role":null,"ariaLabel":null,"testId":null,"dataLoc":"client\\src\\pages\\Home.tsx:109","href":null,"text":"View Certificate","selectorHint":"[data-loc=\"client\\src\\pages\\Home.tsx:109\"]"}}}
[2026-08-25T14:51:08.254Z] {"timestamp":1787669466576,"kind":"click","url":"http://localhost:3000/#contact","viewport":{"width":1707,"height":842},"payload":{"target":{"tag":"button","id":null,"name":null,"type":null,"role":null,"ariaLabel":null,"testId":null,"dataLoc":"client\\src\\pages\\Home.tsx:109","href":null,"text":"View Certificate","selectorHint":"[data-loc=\"client\\src\\pages\\Home.tsx:109\"]"},"x":359,"y":464}}
[2026-08-25T14:51:10.259Z] {"timestamp":1787669469457,"kind":"focusout","url":"http://localhost:3000/#contact","viewport":{"width":1707,"height":842},"payload":{"target":{"tag":"button","id":null,"name":null,"type":null,"role":null,"ariaLabel":null,"testId":null,"dataLoc":"client\\src\\pages\\Home.tsx:109","href":null,"text":"View Certificate","selectorHint":"[data-loc=\"client\\src\\pages\\Home.tsx:109\"]"},"value":null}}
[2026-08-25T14:51:10.259Z] {"timestamp":1787669469673,"kind":"click","url":"http://localhost:3000/#contact","viewport":{"width":1707,"height":842},"payload":{"target":{"tag":"div","id":null,"name":null,"type":null,"role":"dialog","ariaLabel":null,"testId":null,"dataLoc":"client\\src\\pages\\Home.tsx:117","href":null,"text":"NPTEL Python for Data Science Elite + Silver · 82% · Top 5%","selectorHint":"[data-loc=\"client\\src\\pages\\Home.tsx:117\"]"},"x":433,"y":444}}
[2026-08-25T14:51:12.254Z] {"timestamp":1787669470575,"kind":"focusin","url":"http://localhost:3000/#contact","viewport":{"width":1707,"height":842},"payload":{"target":{"tag":"button","id":null,"name":null,"type":null,"role":null,"ariaLabel":null,"testId":null,"dataLoc":"client\\src\\pages\\Home.tsx:109","href":null,"text":"View Certificate","selectorHint":"[data-loc=\"client\\src\\pages\\Home.tsx:109\"]"}}}
[2026-08-25T14:51:12.254Z] {"timestamp":1787669470791,"kind":"click","url":"http://localhost:3000/#contact","viewport":{"width":1707,"height":842},"payload":{"target":{"tag":"button","id":null,"name":null,"type":null,"role":null,"ariaLabel":null,"testId":null,"dataLoc":"client\\src\\pages\\Home.tsx:109","href":null,"text":"View Certificate","selectorHint":"[data-loc=\"client\\src\\pages\\Home.tsx:109\"]"},"x":718,"y":458}}
[2026-08-25T14:51:14.252Z] {"timestamp":1787669473119,"kind":"focusout","url":"http://localhost:3000/#contact","viewport":{"width":1707,"height":842},"payload":{"target":{"tag":"button","id":null,"name":null,"type":null,"role":null,"ariaLabel":null,"testId":null,"dataLoc":"client\\src\\pages\\Home.tsx:109","href":null,"text":"View Certificate","selectorHint":"[data-loc=\"client\\src\\pages\\Home.tsx:109\"]"},"value":null}}
[2026-08-25T14:51:14.252Z] {"timestamp":1787669473343,"kind":"click","url":"http://localhost:3000/#contact","viewport":{"width":1707,"height":842},"payload":{"target":{"tag":"div","id":null,"name":null,"type":null,"role":"dialog","ariaLabel":null,"testId":null,"dataLoc":"client\\src\\pages\\Home.tsx:117","href":null,"text":"Oracle Cloud Infrastructure AI Foundations Associate Certificate of learning","selectorHint":"[data-loc=\"client\\src\\pages\\Home.tsx:117\"]"},"x":342,"y":450}}
[2026-08-25T14:51:16.264Z] {"timestamp":1787669474302,"kind":"focusin","url":"http://localhost:3000/#contact","viewport":{"width":1707,"height":842},"payload":{"target":{"tag":"button","id":null,"name":null,"type":null,"role":null,"ariaLabel":null,"testId":null,"dataLoc":"client\\src\\pages\\Home.tsx:109","href":null,"text":"View Certificate","selectorHint":"[data-loc=\"client\\src\\pages\\Home.tsx:109\"]"}}}
[2026-08-25T14:51:16.264Z] {"timestamp":1787669474519,"kind":"click","url":"http://localhost:3000/#contact","viewport":{"width":1707,"height":842},"payload":{"target":{"tag":"button","id":null,"name":null,"type":null,"role":null,"ariaLabel":null,"testId":null,"dataLoc":"client\\src\\pages\\Home.tsx:109","href":null,"text":"View Certificate","selectorHint":"[data-loc=\"client\\src\\pages\\Home.tsx:109\"]"},"x":1136,"y":454}}
[2026-08-25T14:51:16.264Z] {"timestamp":1787669475969,"kind":"focusout","url":"http://localhost:3000/#contact","viewport":{"width":1707,"height":842},"payload":{"target":{"tag":"button","id":null,"name":null,"type":null,"role":null,"ariaLabel":null,"testId":null,"dataLoc":"client\\src\\pages\\Home.tsx:109","href":null,"text":"View Certificate","selectorHint":"[data-loc=\"client\\src\\pages\\Home.tsx:109\"]"},"value":null}}
[2026-08-25T14:51:16.264Z] {"timestamp":1787669476185,"kind":"click","url":"http://localhost:3000/#contact","viewport":{"width":1707,"height":842},"payload":{"target":{"tag":"div","id":null,"name":null,"type":null,"role":"dialog","ariaLabel":null,"testId":null,"dataLoc":"client\\src\\pages\\Home.tsx:117","href":null,"text":"IBM Fundamentals of AI Certificate of learning","selectorHint":"[data-loc=\"client\\src\\pages\\Home.tsx:117\"]"},"x":342,"y":441}}
[2026-08-25T14:51:18.262Z] {"timestamp":1787669477342,"kind":"focusin","url":"http://localhost:3000/#contact","viewport":{"width":1707,"height":842},"payload":{"target":{"tag":"button","id":null,"name":null,"type":null,"role":null,"ariaLabel":null,"testId":null,"dataLoc":"client\\src\\pages\\Home.tsx:109","href":null,"text":"View Certificate","selectorHint":"[data-loc=\"client\\src\\pages\\Home.tsx:109\"]"}}}
[2026-08-25T14:51:18.262Z] {"timestamp":1787669477563,"kind":"click","url":"http://localhost:3000/#contact","viewport":{"width":1707,"height":842},"payload":{"target":{"tag":"button","id":null,"name":null,"type":null,"role":null,"ariaLabel":null,"testId":null,"dataLoc":"client\\src\\pages\\Home.tsx:109","href":null,"text":"View Certificate","selectorHint":"[data-loc=\"client\\src\\pages\\Home.tsx:109\"]"},"x":377,"y":684}}
[2026-08-25T14:51:20.254Z] {"timestamp":1787669478642,"kind":"focusout","url":"http://localhost:3000/#contact","viewport":{"width":1707,"height":842},"payload":{"target":{"tag":"button","id":null,"name":null,"type":null,"role":null,"ariaLabel":null,"testId":null,"dataLoc":"client\\src\\pages\\Home.tsx:109","href":null,"text":"View Certificate","selectorHint":"[data-loc=\"client\\src\\pages\\Home.tsx:109\"]"},"value":null}}
[2026-08-25T14:51:20.254Z] {"timestamp":1787669478865,"kind":"click","url":"http://localhost:3000/#contact","viewport":{"width":1707,"height":842},"payload":{"target":{"tag":"div","id":null,"name":null,"type":null,"role":"dialog","ariaLabel":null,"testId":null,"dataLoc":"client\\src\\pages\\Home.tsx:117","href":null,"text":"IBM DevOps, Agile and Design Thinking Certificate of learning","selectorHint":"[data-loc=\"client\\src\\pages\\Home.tsx:117\"]"},"x":392,"y":566}}
[2026-08-25T14:51:20.254Z] {"timestamp":1787669479888,"kind":"focusin","url":"http://localhost:3000/#contact","viewport":{"width":1707,"height":842},"payload":{"target":{"tag":"button","id":null,"name":null,"type":null,"role":null,"ariaLabel":null,"testId":null,"dataLoc":"client\\src\\pages\\Home.tsx:109","href":null,"text":"View Certificate","selectorHint":"[data-loc=\"client\\src\\pages\\Home.tsx:109\"]"}}}
[2026-08-25T14:51:20.254Z] {"timestamp":1787669480113,"kind":"click","url":"http://localhost:3000/#contact","viewport":{"width":1707,"height":842},"payload":{"target":{"tag":"button","id":null,"name":null,"type":null,"role":null,"ariaLabel":null,"testId":null,"dataLoc":"client\\src\\pages\\Home.tsx:109","href":null,"text":"View Certificate","selectorHint":"[data-loc=\"client\\src\\pages\\Home.tsx:109\"]"},"x":767,"y":684}}
[2026-08-25T14:51:22.253Z] {"timestamp":1787669481972,"kind":"focusout","url":"http://localhost:3000/#contact","viewport":{"width":1707,"height":842},"payload":{"target":{"tag":"button","id":null,"name":null,"type":null,"role":null,"ariaLabel":null,"testId":null,"dataLoc":"client\\src\\pages\\Home.tsx:109","href":null,"text":"View Certificate","selectorHint":"[data-loc=\"client\\src\\pages\\Home.tsx:109\"]"},"value":null}}
[2026-08-25T14:51:22.253Z] {"timestamp":1787669482189,"kind":"click","url":"http://localhost:3000/#contact","viewport":{"width":1707,"height":842},"payload":{"target":{"tag":"div","id":null,"name":null,"type":null,"role":"dialog","ariaLabel":null,"testId":null,"dataLoc":"client\\src\\pages\\Home.tsx:117","href":null,"text":"WISER Quantum Fundamentals Certificate of learning","selectorHint":"[data-loc=\"client\\src\\pages\\Home.tsx:117\"]"},"x":1386,"y":548}}
[2026-08-25T14:51:24.267Z] {"timestamp":1787669483028,"kind":"focusin","url":"http://localhost:3000/#contact","viewport":{"width":1707,"height":842},"payload":{"target":{"tag":"button","id":null,"name":null,"type":null,"role":null,"ariaLabel":null,"testId":null,"dataLoc":"client\\src\\pages\\Home.tsx:109","href":null,"text":"View Certificate","selectorHint":"[data-loc=\"client\\src\\pages\\Home.tsx:109\"]"}}}
[2026-08-25T14:51:24.267Z] {"timestamp":1787669483251,"kind":"click","url":"http://localhost:3000/#contact","viewport":{"width":1707,"height":842},"payload":{"target":{"tag":"button","id":null,"name":null,"type":null,"role":null,"ariaLabel":null,"testId":null,"dataLoc":"client\\src\\pages\\Home.tsx:109","href":null,"text":"View Certificate","selectorHint":"[data-loc=\"client\\src\\pages\\Home.tsx:109\"]"},"x":1130,"y":686}}
[2026-08-25T14:51:28.258Z] {"timestamp":1787669486856,"kind":"focusout","url":"http://localhost:3000/#contact","viewport":{"width":1707,"height":842},"payload":{"target":{"tag":"button","id":null,"name":null,"type":null,"role":null,"ariaLabel":null,"testId":null,"dataLoc":"client\\src\\pages\\Home.tsx:109","href":null,"text":"View Certificate","selectorHint":"[data-loc=\"client\\src\\pages\\Home.tsx:109\"]"},"value":null}}
[2026-08-25T14:51:28.258Z] {"timestamp":1787669487071,"kind":"click","url":"http://localhost:3000/#contact","viewport":{"width":1707,"height":842},"payload":{"target":{"tag":"div","id":null,"name":null,"type":null,"role":"dialog","ariaLabel":null,"testId":null,"dataLoc":"client\\src\\pages\\Home.tsx:117","href":null,"text":"Amaravati Quantum Valley Selected for Phase 2 Program selection","selectorHint":"[data-loc=\"client\\src\\pages\\Home.tsx:117\"]"},"x":1385,"y":380}}
[2026-08-25T14:51:30.272Z] {"timestamp":1787669488616,"kind":"click","url":"http://localhost:3000/#contact","viewport":{"width":1707,"height":842},"payload":{"target":{"tag":"article","id":null,"name":null,"type":null,"role":null,"ariaLabel":null,"testId":null,"dataLoc":"client\\src\\pages\\Home.tsx:109","href":null,"text":"05 WISER Quantum Fundamentals Certificate of learning View Certificate","selectorHint":"[data-loc=\"client\\src\\pages\\Home.tsx:109\"]"},"x":698,"y":675}}
[2026-08-25T14:51:30.272Z] {"timestamp":1787669488974,"kind":"focusin","url":"http://localhost:3000/#contact","viewport":{"width":1707,"height":842},"payload":{"target":{"tag":"button","id":null,"name":null,"type":null,"role":null,"ariaLabel":null,"testId":null,"dataLoc":"client\\src\\pages\\Home.tsx:109","href":null,"text":"View Certificate","selectorHint":"[data-loc=\"client\\src\\pages\\Home.tsx:109\"]"}}}
[2026-08-25T14:51:30.272Z] {"timestamp":1787669489193,"kind":"click","url":"http://localhost:3000/#contact","viewport":{"width":1707,"height":842},"payload":{"target":{"tag":"button","id":null,"name":null,"type":null,"role":null,"ariaLabel":null,"testId":null,"dataLoc":"client\\src\\pages\\Home.tsx:109","href":null,"text":"View Certificate","selectorHint":"[data-loc=\"client\\src\\pages\\Home.tsx:109\"]"},"x":700,"y":695}}
[2026-08-25T14:51:30.272Z] {"timestamp":1787669490029,"kind":"focusout","url":"http://localhost:3000/#contact","viewport":{"width":1707,"height":842},"payload":{"target":{"tag":"button","id":null,"name":null,"type":null,"role":null,"ariaLabel":null,"testId":null,"dataLoc":"client\\src\\pages\\Home.tsx:109","href":null,"text":"View Certificate","selectorHint":"[data-loc=\"client\\src\\pages\\Home.tsx:109\"]"},"value":null}}
[2026-08-25T14:51:32.260Z] {"timestamp":1787669490256,"kind":"click","url":"http://localhost:3000/#contact","viewport":{"width":1707,"height":842},"payload":{"target":{"tag":"div","id":null,"name":null,"type":null,"role":"dialog","ariaLabel":null,"testId":null,"dataLoc":"client\\src\\pages\\Home.tsx:117","href":null,"text":"WISER Quantum Fundamentals Certificate of learning","selectorHint":"[data-loc=\"client\\src\\pages\\Home.tsx:117\"]"},"x":396,"y":575}}
[2026-08-25T14:51:32.260Z] {"timestamp":1787669491209,"kind":"focusin","url":"http://localhost:3000/#contact","viewport":{"width":1707,"height":842},"payload":{"target":{"tag":"button","id":null,"name":null,"type":null,"role":null,"ariaLabel":null,"testId":null,"dataLoc":"client\\src\\pages\\Home.tsx:109","href":null,"text":"View Certificate","selectorHint":"[data-loc=\"client\\src\\pages\\Home.tsx:109\"]"}}}
[2026-08-25T14:51:32.260Z] {"timestamp":1787669491432,"kind":"click","url":"http://localhost:3000/#contact","viewport":{"width":1707,"height":842},"payload":{"target":{"tag":"button","id":null,"name":null,"type":null,"role":null,"ariaLabel":null,"testId":null,"dataLoc":"client\\src\\pages\\Home.tsx:109","href":null,"text":"View Certificate","selectorHint":"[data-loc=\"client\\src\\pages\\Home.tsx:109\"]"},"x":386,"y":686}}
[2026-08-25T14:51:34.259Z] {"timestamp":1787669492263,"kind":"focusout","url":"http://localhost:3000/#contact","viewport":{"width":1707,"height":842},"payload":{"target":{"tag":"button","id":null,"name":null,"type":null,"role":null,"ariaLabel":null,"testId":null,"dataLoc":"client\\src\\pages\\Home.tsx:109","href":null,"text":"View Certificate","selectorHint":"[data-loc=\"client\\src\\pages\\Home.tsx:109\"]"},"value":null}}
[2026-08-25T14:51:34.259Z] {"timestamp":1787669492489,"kind":"click","url":"http://localhost:3000/#contact","viewport":{"width":1707,"height":842},"payload":{"target":{"tag":"div","id":null,"name":null,"type":null,"role":"dialog","ariaLabel":null,"testId":null,"dataLoc":"client\\src\\pages\\Home.tsx:117","href":null,"text":"IBM DevOps, Agile and Design Thinking Certificate of learning","selectorHint":"[data-loc=\"client\\src\\pages\\Home.tsx:117\"]"},"x":346,"y":492}}
[2026-08-25T14:51:34.259Z] {"timestamp":1787669493597,"kind":"focusin","url":"http://localhost:3000/#contact","viewport":{"width":1707,"height":842},"payload":{"target":{"tag":"button","id":null,"name":null,"type":null,"role":null,"ariaLabel":null,"testId":null,"dataLoc":"client\\src\\pages\\Home.tsx:109","href":null,"text":"View Certificate","selectorHint":"[data-loc=\"client\\src\\pages\\Home.tsx:109\"]"}}}
[2026-08-25T14:51:34.259Z] {"timestamp":1787669493823,"kind":"click","url":"http://localhost:3000/#contact","viewport":{"width":1707,"height":842},"payload":{"target":{"tag":"button","id":null,"name":null,"type":null,"role":null,"ariaLabel":null,"testId":null,"dataLoc":"client\\src\\pages\\Home.tsx:109","href":null,"text":"View Certificate","selectorHint":"[data-loc=\"client\\src\\pages\\Home.tsx:109\"]"},"x":1130,"y":463}}
[2026-08-25T14:51:36.254Z] {"timestamp":1787669495680,"kind":"focusout","url":"http://localhost:3000/#contact","viewport":{"width":1707,"height":842},"payload":{"target":{"tag":"button","id":null,"name":null,"type":null,"role":null,"ariaLabel":null,"testId":null,"dataLoc":"client\\src\\pages\\Home.tsx:109","href":null,"text":"View Certificate","selectorHint":"[data-loc=\"client\\src\\pages\\Home.tsx:109\"]"},"value":null}}
[2026-08-25T14:51:36.254Z] {"timestamp":1787669495892,"kind":"click","url":"http://localhost:3000/#contact","viewport":{"width":1707,"height":842},"payload":{"target":{"tag":"div","id":null,"name":null,"type":null,"role":"dialog","ariaLabel":null,"testId":null,"dataLoc":"client\\src\\pages\\Home.tsx:117","href":null,"text":"IBM Fundamentals of AI Certificate of learning","selectorHint":"[data-loc=\"client\\src\\pages\\Home.tsx:117\"]"},"x":1325,"y":381}}
[2026-08-25T14:51:38.253Z] {"timestamp":1787669497164,"kind":"focusin","url":"http://localhost:3000/#contact","viewport":{"width":1707,"height":842},"payload":{"target":{"tag":"button","id":null,"name":null,"type":null,"role":null,"ariaLabel":null,"testId":null,"dataLoc":"client\\src\\pages\\Home.tsx:109","href":null,"text":"View Certificate","selectorHint":"[data-loc=\"client\\src\\pages\\Home.tsx:109\"]"}}}
[2026-08-25T14:51:38.253Z] {"timestamp":1787669497379,"kind":"click","url":"http://localhost:3000/#contact","viewport":{"width":1707,"height":842},"payload":{"target":{"tag":"button","id":null,"name":null,"type":null,"role":null,"ariaLabel":null,"testId":null,"dataLoc":"client\\src\\pages\\Home.tsx:109","href":null,"text":"View Certificate","selectorHint":"[data-loc=\"client\\src\\pages\\Home.tsx:109\"]"},"x":768,"y":466}}
[2026-08-25T14:51:40.264Z] {"timestamp":1787669498973,"kind":"focusout","url":"http://localhost:3000/#contact","viewport":{"width":1707,"height":842},"payload":{"target":{"tag":"button","id":null,"name":null,"type":null,"role":null,"ariaLabel":null,"testId":null,"dataLoc":"client\\src\\pages\\Home.tsx:109","href":null,"text":"View Certificate","selectorHint":"[data-loc=\"client\\src\\pages\\Home.tsx:109\"]"},"value":null}}
[2026-08-25T14:51:40.264Z] {"timestamp":1787669499192,"kind":"click","url":"http://localhost:3000/#contact","viewport":{"width":1707,"height":842},"payload":{"target":{"tag":"div","id":null,"name":null,"type":null,"role":"dialog","ariaLabel":null,"testId":null,"dataLoc":"client\\src\\pages\\Home.tsx:117","href":null,"text":"Oracle Cloud Infrastructure AI Foundations Associate Certificate of learning","selectorHint":"[data-loc=\"client\\src\\pages\\Home.tsx:117\"]"},"x":356,"y":468}}
[2026-08-25T14:51:42.265Z] {"timestamp":1787669500573,"kind":"click","url":"http://localhost:3000/#contact","viewport":{"width":1707,"height":842},"payload":{"target":{"tag":"article","id":null,"name":null,"type":null,"role":null,"ariaLabel":null,"testId":null,"dataLoc":"client\\src\\pages\\Home.tsx:109","href":null,"text":"01 NPTEL Python for Data Science Elite + Silver · 82% · Top 5% View Certificate","selectorHint":"[data-loc=\"client\\src\\pages\\Home.tsx:109\"]"},"x":384,"y":448}}
[2026-08-25T14:51:42.265Z] {"timestamp":1787669501761,"kind":"focusin","url":"http://localhost:3000/#contact","viewport":{"width":1707,"height":842},"payload":{"target":{"tag":"button","id":null,"name":null,"type":null,"role":null,"ariaLabel":null,"testId":null,"dataLoc":"client\\src\\pages\\Home.tsx:109","href":null,"text":"View Certificate","selectorHint":"[data-loc=\"client\\src\\pages\\Home.tsx:109\"]"}}}
[2026-08-25T14:51:42.265Z] {"timestamp":1787669501983,"kind":"click","url":"http://localhost:3000/#contact","viewport":{"width":1707,"height":842},"payload":{"target":{"tag":"button","id":null,"name":null,"type":null,"role":null,"ariaLabel":null,"testId":null,"dataLoc":"client\\src\\pages\\Home.tsx:109","href":null,"text":"View Certificate","selectorHint":"[data-loc=\"client\\src\\pages\\Home.tsx:109\"]"},"x":368,"y":462}}
[2026-08-25T14:51:44.251Z] {"timestamp":1787669504224,"kind":"focusout","url":"http://localhost:3000/#contact","viewport":{"width":1707,"height":842},"payload":{"target":{"tag":"button","id":null,"name":null,"type":null,"role":null,"ariaLabel":null,"testId":null,"dataLoc":"client\\src\\pages\\Home.tsx:109","href":null,"text":"View Certificate","selectorHint":"[data-loc=\"client\\src\\pages\\Home.tsx:109\"]"},"value":null}}
[2026-08-25T14:51:46.253Z] {"timestamp":1787669504443,"kind":"click","url":"http://localhost:3000/#contact","viewport":{"width":1707,"height":842},"payload":{"target":{"tag":"div","id":null,"name":null,"type":null,"role":"dialog","ariaLabel":null,"testId":null,"dataLoc":"client\\src\\pages\\Home.tsx:117","href":null,"text":"NPTEL Python for Data Science Elite + Silver · 82% · Top 5%","selectorHint":"[data-loc=\"client\\src\\pages\\Home.tsx:117\"]"},"x":307,"y":439}}
[2026-08-25T14:51:46.253Z] {"timestamp":1787669505017,"kind":"scroll","url":"http://localhost:3000/#contact","viewport":{"width":1707,"height":842},"payload":{"scrollX":0,"scrollY":7735.111328125,"documentHeight":9588,"viewportHeight":842}}
[2026-08-25T14:51:46.253Z] {"timestamp":1787669505840,"kind":"scroll","url":"http://localhost:3000/#contact","viewport":{"width":1707,"height":842},"payload":{"scrollX":0,"scrollY":8183.111328125,"documentHeight":9588,"viewportHeight":842}}
[2026-08-25T14:51:48.259Z] {"timestamp":1787669506407,"kind":"scroll","url":"http://localhost:3000/#contact","viewport":{"width":1707,"height":842},"payload":{"scrollX":0,"scrollY":8746.6669921875,"documentHeight":9588,"viewportHeight":842}}
[2026-08-25T14:52:22.252Z] {"timestamp":1787669542157,"kind":"scroll","url":"http://localhost:3000/#contact","viewport":{"width":1707,"height":842},"payload":{"scrollX":0,"scrollY":8620.4443359375,"documentHeight":9588,"viewportHeight":842}}
[2026-08-25T14:52:26.259Z] {"timestamp":1787669545132,"kind":"scroll","url":"http://localhost:3000/#contact","viewport":{"width":1707,"height":842},"payload":{"scrollX":0,"scrollY":8288,"documentHeight":9588,"viewportHeight":842}}
[2026-08-25T14:52:26.259Z] {"timestamp":1787669545653,"kind":"scroll","url":"http://localhost:3000/#contact","viewport":{"width":1707,"height":842},"payload":{"scrollX":0,"scrollY":7896,"documentHeight":9588,"viewportHeight":842}}
[2026-08-25T14:52:30.257Z] {"timestamp":1787669548398,"kind":"scroll","url":"http://localhost:3000/#contact","viewport":{"width":1707,"height":842},"payload":{"scrollX":0,"scrollY":7876.4443359375,"documentHeight":9588,"viewportHeight":842}}
[2026-08-25T14:52:30.258Z] {"timestamp":1787669549330,"kind":"scroll","url":"http://localhost:3000/#contact","viewport":{"width":1707,"height":842},"payload":{"scrollX":0,"scrollY":7725.33349609375,"documentHeight":9588,"viewportHeight":842}}
[2026-08-25T14:52:30.258Z] {"timestamp":1787669549932,"kind":"scroll","url":"http://localhost:3000/#contact","viewport":{"width":1707,"height":842},"payload":{"scrollX":0,"scrollY":7367.111328125,"documentHeight":9588,"viewportHeight":842}}
[2026-08-25T14:52:32.261Z] {"timestamp":1787669550452,"kind":"scroll","url":"http://localhost:3000/#contact","viewport":{"width":1707,"height":842},"payload":{"scrollX":0,"scrollY":6860.4443359375,"documentHeight":9588,"viewportHeight":842}}
[2026-08-25T14:52:32.261Z] {"timestamp":1787669550956,"kind":"scroll","url":"http://localhost:3000/#contact","viewport":{"width":1707,"height":842},"payload":{"scrollX":0,"scrollY":6365.33349609375,"documentHeight":9588,"viewportHeight":842}}
[2026-08-25T14:52:32.261Z] {"timestamp":1787669551520,"kind":"scroll","url":"http://localhost:3000/#contact","viewport":{"width":1707,"height":842},"payload":{"scrollX":0,"scrollY":5953.77783203125,"documentHeight":9588,"viewportHeight":842}}
[2026-08-25T14:52:32.261Z] {"timestamp":1787669552221,"kind":"scroll","url":"http://localhost:3000/#contact","viewport":{"width":1707,"height":842},"payload":{"scrollX":0,"scrollY":5432,"documentHeight":9588,"viewportHeight":842}}
[2026-08-25T14:52:34.259Z] {"timestamp":1787669552721,"kind":"scroll","url":"http://localhost:3000/#contact","viewport":{"width":1707,"height":842},"payload":{"scrollX":0,"scrollY":4756.4443359375,"documentHeight":9588,"viewportHeight":842}}
[2026-08-25T14:52:34.259Z] {"timestamp":1787669553856,"kind":"scroll","url":"http://localhost:3000/#contact","viewport":{"width":1707,"height":842},"payload":{"scrollX":0,"scrollY":4244.4443359375,"documentHeight":9588,"viewportHeight":842}}
[2026-08-25T14:52:36.257Z] {"timestamp":1787669554390,"kind":"scroll","url":"http://localhost:3000/#contact","viewport":{"width":1707,"height":842},"payload":{"scrollX":0,"scrollY":3932.4443359375,"documentHeight":9588,"viewportHeight":842}}
[2026-08-25T14:52:36.257Z] {"timestamp":1787669555287,"kind":"scroll","url":"http://localhost:3000/#contact","viewport":{"width":1707,"height":842},"payload":{"scrollX":0,"scrollY":3924.4443359375,"documentHeight":9588,"viewportHeight":842}}
[2026-08-25T14:52:36.257Z] {"timestamp":1787669555791,"kind":"scroll","url":"http://localhost:3000/#contact","viewport":{"width":1707,"height":842},"payload":{"scrollX":0,"scrollY":3145.77783203125,"documentHeight":9588,"viewportHeight":842}}
[2026-08-25T14:52:38.256Z] {"timestamp":1787669557521,"kind":"scroll","url":"http://localhost:3000/#contact","viewport":{"width":1707,"height":842},"payload":{"scrollX":0,"scrollY":2940.4443359375,"documentHeight":9588,"viewportHeight":842}}
[2026-08-25T14:52:40.262Z] {"timestamp":1787669558289,"kind":"scroll","url":"http://localhost:3000/#contact","viewport":{"width":1707,"height":842},"payload":{"scrollX":0,"scrollY":2785.77783203125,"documentHeight":9588,"viewportHeight":842}}
[2026-08-25T14:52:40.262Z] {"timestamp":1787669558854,"kind":"scroll","url":"http://localhost:3000/#contact","viewport":{"width":1707,"height":842},"payload":{"scrollX":0,"scrollY":2575.111083984375,"documentHeight":9588,"viewportHeight":842}}
[2026-08-25T14:52:40.262Z] {"timestamp":1787669559365,"kind":"scroll","url":"http://localhost:3000/#contact","viewport":{"width":1707,"height":842},"payload":{"scrollX":0,"scrollY":2377.77783203125,"documentHeight":9588,"viewportHeight":842}}
[2026-08-25T14:52:40.262Z] {"timestamp":1787669559887,"kind":"scroll","url":"http://localhost:3000/#contact","viewport":{"width":1707,"height":842},"payload":{"scrollX":0,"scrollY":1996.4444580078125,"documentHeight":9588,"viewportHeight":842}}
[2026-08-25T14:52:42.256Z] {"timestamp":1787669561089,"kind":"scroll","url":"http://localhost:3000/#contact","viewport":{"width":1707,"height":842},"payload":{"scrollX":0,"scrollY":1762.6666259765625,"documentHeight":9588,"viewportHeight":842}}
[2026-08-25T14:52:42.256Z] {"timestamp":1787669561620,"kind":"scroll","url":"http://localhost:3000/#contact","viewport":{"width":1707,"height":842},"payload":{"scrollX":0,"scrollY":1530.6666259765625,"documentHeight":9588,"viewportHeight":842}}
[2026-08-25T14:52:44.252Z] {"timestamp":1787669562956,"kind":"scroll","url":"http://localhost:3000/#contact","viewport":{"width":1707,"height":842},"payload":{"scrollX":0,"scrollY":1404.4444580078125,"documentHeight":9588,"viewportHeight":842}}
[2026-08-25T14:52:44.252Z] {"timestamp":1787669563485,"kind":"scroll","url":"http://localhost:3000/#contact","viewport":{"width":1707,"height":842},"payload":{"scrollX":0,"scrollY":973.3333129882812,"documentHeight":9588,"viewportHeight":842}}
[2026-08-25T14:52:44.252Z] {"timestamp":1787669563986,"kind":"scroll","url":"http://localhost:3000/#contact","viewport":{"width":1707,"height":842},"payload":{"scrollX":0,"scrollY":775.111083984375,"documentHeight":9588,"viewportHeight":842}}
[2026-08-25T14:52:46.259Z] {"timestamp":1787669564719,"kind":"scroll","url":"http://localhost:3000/#contact","viewport":{"width":1707,"height":842},"payload":{"scrollX":0,"scrollY":727.111083984375,"documentHeight":9588,"viewportHeight":842}}
[2026-08-25T14:52:46.259Z] {"timestamp":1787669565220,"kind":"scroll","url":"http://localhost:3000/#contact","viewport":{"width":1707,"height":842},"payload":{"scrollX":0,"scrollY":105.77777862548828,"documentHeight":9588,"viewportHeight":842}}
[2026-08-25T14:52:46.259Z] {"timestamp":1787669565754,"kind":"scroll","url":"http://localhost:3000/#contact","viewport":{"width":1707,"height":842},"payload":{"scrollX":0,"scrollY":17.77777862548828,"documentHeight":9588,"viewportHeight":842}}
[2026-08-25T14:52:54.255Z] {"timestamp":1787669572655,"kind":"scroll","url":"http://localhost:3000/#contact","viewport":{"width":1707,"height":842},"payload":{"scrollX":0,"scrollY":247.11111450195312,"documentHeight":9588,"viewportHeight":842}}
[2026-08-25T14:52:54.255Z] {"timestamp":1787669573163,"kind":"scroll","url":"http://localhost:3000/#contact","viewport":{"width":1707,"height":842},"payload":{"scrollX":0,"scrollY":476.4444580078125,"documentHeight":9588,"viewportHeight":842}}
[2026-08-25T14:52:56.254Z] {"timestamp":1787669574455,"kind":"scroll","url":"http://localhost:3000/#contact","viewport":{"width":1707,"height":842},"payload":{"scrollX":0,"scrollY":698.6666870117188,"documentHeight":9588,"viewportHeight":842}}
[2026-08-25T14:52:56.254Z] {"timestamp":1787669574986,"kind":"scroll","url":"http://localhost:3000/#contact","viewport":{"width":1707,"height":842},"payload":{"scrollX":0,"scrollY":999.111083984375,"documentHeight":9588,"viewportHeight":842}}
[2026-08-25T14:52:56.254Z] {"timestamp":1787669575487,"kind":"scroll","url":"http://localhost:3000/#contact","viewport":{"width":1707,"height":842},"payload":{"scrollX":0,"scrollY":1127.111083984375,"documentHeight":9588,"viewportHeight":842}}
[2026-08-25T14:52:56.254Z] {"timestamp":1787669576188,"kind":"scroll","url":"http://localhost:3000/#contact","viewport":{"width":1707,"height":842},"payload":{"scrollX":0,"scrollY":1145.77783203125,"documentHeight":9588,"viewportHeight":842}}
[2026-08-25T14:55:10.447Z] {"timestamp":1787669708881,"kind":"scroll","url":"http://localhost:3000/#contact","viewport":{"width":1707,"height":842},"payload":{"scrollX":0,"scrollY":145.77777099609375,"documentHeight":9020,"viewportHeight":842}}
[2026-08-25T14:55:10.447Z] {"timestamp":1787669709381,"kind":"scroll","url":"http://localhost:3000/#contact","viewport":{"width":1707,"height":842},"payload":{"scrollX":0,"scrollY":821.3333129882812,"documentHeight":9020,"viewportHeight":842}}
[2026-08-25T14:55:10.447Z] {"timestamp":1787669709882,"kind":"scroll","url":"http://localhost:3000/#contact","viewport":{"width":1707,"height":842},"payload":{"scrollX":0,"scrollY":1152,"documentHeight":9020,"viewportHeight":842}}
[2026-08-25T14:55:12.443Z] {"timestamp":1787669710447,"kind":"scroll","url":"http://localhost:3000/#contact","viewport":{"width":1707,"height":842},"payload":{"scrollX":0,"scrollY":1519.111083984375,"documentHeight":9020,"viewportHeight":842}}
[2026-08-25T14:55:12.443Z] {"timestamp":1787669711126,"kind":"scroll","url":"http://localhost:3000/#contact","viewport":{"width":1707,"height":842},"payload":{"scrollX":0,"scrollY":1968,"documentHeight":9020,"viewportHeight":842}}
[2026-08-25T14:55:12.443Z] {"timestamp":1787669711646,"kind":"scroll","url":"http://localhost:3000/#contact","viewport":{"width":1707,"height":842},"payload":{"scrollX":0,"scrollY":2545.77783203125,"documentHeight":9020,"viewportHeight":842}}
[2026-08-25T14:55:12.443Z] {"timestamp":1787669712393,"kind":"scroll","url":"http://localhost:3000/#contact","viewport":{"width":1707,"height":842},"payload":{"scrollX":0,"scrollY":3031.111083984375,"documentHeight":9020,"viewportHeight":842}}
[2026-08-25T14:55:14.445Z] {"timestamp":1787669712913,"kind":"scroll","url":"http://localhost:3000/#contact","viewport":{"width":1707,"height":842},"payload":{"scrollX":0,"scrollY":3660.4443359375,"documentHeight":9020,"viewportHeight":842}}
[2026-08-25T14:55:14.445Z] {"timestamp":1787669713414,"kind":"scroll","url":"http://localhost:3000/#contact","viewport":{"width":1707,"height":842},"payload":{"scrollX":0,"scrollY":4071.111083984375,"documentHeight":9020,"viewportHeight":842}}
[2026-08-25T14:55:14.445Z] {"timestamp":1787669713947,"kind":"scroll","url":"http://localhost:3000/#contact","viewport":{"width":1707,"height":842},"payload":{"scrollX":0,"scrollY":4464,"documentHeight":9020,"viewportHeight":842}}
[2026-08-25T14:55:16.452Z] {"timestamp":1787669714447,"kind":"scroll","url":"http://localhost:3000/#contact","viewport":{"width":1707,"height":842},"payload":{"scrollX":0,"scrollY":4906.66650390625,"documentHeight":9020,"viewportHeight":842}}
[2026-08-25T14:55:16.452Z] {"timestamp":1787669715028,"kind":"scroll","url":"http://localhost:3000/#contact","viewport":{"width":1707,"height":842},"payload":{"scrollX":0,"scrollY":5426.66650390625,"documentHeight":9020,"viewportHeight":842}}
[2026-08-25T14:55:16.452Z] {"timestamp":1787669715549,"kind":"scroll","url":"http://localhost:3000/#contact","viewport":{"width":1707,"height":842},"payload":{"scrollX":0,"scrollY":5703.111328125,"documentHeight":9020,"viewportHeight":842}}
[2026-08-25T14:55:16.452Z] {"timestamp":1787669716082,"kind":"scroll","url":"http://localhost:3000/#contact","viewport":{"width":1707,"height":842},"payload":{"scrollX":0,"scrollY":6141.33349609375,"documentHeight":9020,"viewportHeight":842}}
[2026-08-25T14:55:18.450Z] {"timestamp":1787669716783,"kind":"scroll","url":"http://localhost:3000/#contact","viewport":{"width":1707,"height":842},"payload":{"scrollX":0,"scrollY":6672,"documentHeight":9020,"viewportHeight":842}}
[2026-08-25T14:55:18.450Z] {"timestamp":1787669717313,"kind":"scroll","url":"http://localhost:3000/#contact","viewport":{"width":1707,"height":842},"payload":{"scrollX":0,"scrollY":7223.111328125,"documentHeight":9020,"viewportHeight":842}}
[2026-08-25T14:55:18.450Z] {"timestamp":1787669717950,"kind":"scroll","url":"http://localhost:3000/#contact","viewport":{"width":1707,"height":842},"payload":{"scrollX":0,"scrollY":7703.111328125,"documentHeight":9020,"viewportHeight":842}}
[2026-08-25T14:55:20.441Z] {"timestamp":1787669719084,"kind":"scroll","url":"http://localhost:3000/#contact","viewport":{"width":1707,"height":842},"payload":{"scrollX":0,"scrollY":7271.111328125,"documentHeight":9020,"viewportHeight":842}}
[2026-08-25T14:55:20.441Z] {"timestamp":1787669719617,"kind":"scroll","url":"http://localhost:3000/#contact","viewport":{"width":1707,"height":842},"payload":{"scrollX":0,"scrollY":4300.4443359375,"documentHeight":9020,"viewportHeight":842}}
[2026-08-25T14:55:20.441Z] {"timestamp":1787669720117,"kind":"scroll","url":"http://localhost:3000/#contact","viewport":{"width":1707,"height":842},"payload":{"scrollX":0,"scrollY":1278.22216796875,"documentHeight":9020,"viewportHeight":842}}
[2026-08-25T14:57:50.066Z] {"timestamp":1787669868194,"kind":"scroll","url":"http://localhost:3000/#contact","viewport":{"width":1707,"height":842},"payload":{"scrollX":0,"scrollY":167.11111450195312,"documentHeight":9020,"viewportHeight":842}}
[2026-08-25T14:57:50.066Z] {"timestamp":1787669870026,"kind":"scroll","url":"http://localhost:3000/#contact","viewport":{"width":1707,"height":842},"payload":{"scrollX":0,"scrollY":282.6666564941406,"documentHeight":9020,"viewportHeight":842}}
[2026-08-25T14:58:00.065Z] {"timestamp":1787669878403,"kind":"scroll","url":"http://localhost:3000/#contact","viewport":{"width":1707,"height":842},"payload":{"scrollX":0,"scrollY":320,"documentHeight":9020,"viewportHeight":842}}
[2026-08-25T15:09:35.900Z] {"timestamp":1787670574890,"kind":"scroll","url":"http://localhost:3000/#contact","viewport":{"width":1707,"height":842},"payload":{"scrollX":0,"scrollY":108.44444274902344,"documentHeight":9020,"viewportHeight":842}}
[2026-08-25T15:09:35.900Z] {"timestamp":1787670575424,"kind":"scroll","url":"http://localhost:3000/#contact","viewport":{"width":1707,"height":842},"payload":{"scrollX":0,"scrollY":346.6666564941406,"documentHeight":9020,"viewportHeight":842}}
[2026-08-25T15:09:37.903Z] {"timestamp":1787670576447,"kind":"scroll","url":"http://localhost:3000/#contact","viewport":{"width":1707,"height":842},"payload":{"scrollX":0,"scrollY":908.4444580078125,"documentHeight":9020,"viewportHeight":842}}
[2026-08-25T15:09:37.903Z] {"timestamp":1787670577114,"kind":"scroll","url":"http://localhost:3000/#contact","viewport":{"width":1707,"height":842},"payload":{"scrollX":0,"scrollY":1085.3333740234375,"documentHeight":9020,"viewportHeight":842}}
[2026-08-25T15:09:43.890Z] {"timestamp":1787670583757,"kind":"scroll","url":"http://localhost:3000/#contact","viewport":{"width":1707,"height":842},"payload":{"scrollX":0,"scrollY":893.3333129882812,"documentHeight":9020,"viewportHeight":842}}
[2026-08-25T15:09:45.899Z] {"timestamp":1787670584279,"kind":"scroll","url":"http://localhost:3000/#contact","viewport":{"width":1707,"height":842},"payload":{"scrollX":0,"scrollY":1389.3333740234375,"documentHeight":9020,"viewportHeight":842}}
[2026-08-25T15:09:45.899Z] {"timestamp":1787670584856,"kind":"scroll","url":"http://localhost:3000/#contact","viewport":{"width":1707,"height":842},"payload":{"scrollX":0,"scrollY":1233.77783203125,"documentHeight":9020,"viewportHeight":842}}
[2026-08-25T15:09:45.899Z] {"timestamp":1787670585478,"kind":"scroll","url":"http://localhost:3000/#contact","viewport":{"width":1707,"height":842},"payload":{"scrollX":0,"scrollY":847.111083984375,"documentHeight":9020,"viewportHeight":842}}
[2026-08-25T15:09:47.899Z] {"timestamp":1787670585978,"kind":"scroll","url":"http://localhost:3000/#contact","viewport":{"width":1707,"height":842},"payload":{"scrollX":0,"scrollY":1224,"documentHeight":9020,"viewportHeight":842}}
[2026-08-25T15:09:47.899Z] {"timestamp":1787670586511,"kind":"scroll","url":"http://localhost:3000/#contact","viewport":{"width":1707,"height":842},"payload":{"scrollX":0,"scrollY":1513.77783203125,"documentHeight":9020,"viewportHeight":842}}
[2026-08-25T15:09:47.899Z] {"timestamp":1787670587011,"kind":"scroll","url":"http://localhost:3000/#contact","viewport":{"width":1707,"height":842},"payload":{"scrollX":0,"scrollY":1866.6666259765625,"documentHeight":9020,"viewportHeight":842}}
[2026-08-25T15:09:47.899Z] {"timestamp":1787670587511,"kind":"scroll","url":"http://localhost:3000/#contact","viewport":{"width":1707,"height":842},"payload":{"scrollX":0,"scrollY":2216,"documentHeight":9020,"viewportHeight":842}}
[2026-08-25T15:09:49.892Z] {"timestamp":1787670588711,"kind":"scroll","url":"http://localhost:3000/#contact","viewport":{"width":1707,"height":842},"payload":{"scrollX":0,"scrollY":2264,"documentHeight":9020,"viewportHeight":842}}
[2026-08-25T15:09:53.888Z] {"timestamp":1787670592122,"kind":"scroll","url":"http://localhost:3000/#contact","viewport":{"width":1707,"height":842},"payload":{"scrollX":0,"scrollY":2533.333251953125,"documentHeight":9020,"viewportHeight":842}}
[2026-08-25T15:09:53.888Z] {"timestamp":1787670592846,"kind":"scroll","url":"http://localhost:3000/#contact","viewport":{"width":1707,"height":842},"payload":{"scrollX":0,"scrollY":2789.333251953125,"documentHeight":9020,"viewportHeight":842}}
[2026-08-25T15:11:55.899Z] {"timestamp":1787670715874,"kind":"scroll","url":"http://localhost:3000/#contact","viewport":{"width":1707,"height":842},"payload":{"scrollX":0,"scrollY":2905.77783203125,"documentHeight":9020,"viewportHeight":842}}
[2026-08-25T15:11:57.888Z] {"timestamp":1787670716474,"kind":"scroll","url":"http://localhost:3000/#contact","viewport":{"width":1707,"height":842},"payload":{"scrollX":0,"scrollY":3396.4443359375,"documentHeight":9020,"viewportHeight":842}}
[2026-08-25T15:11:57.888Z] {"timestamp":1787670717417,"kind":"scroll","url":"http://localhost:3000/#contact","viewport":{"width":1707,"height":842},"payload":{"scrollX":0,"scrollY":3761.77783203125,"documentHeight":9020,"viewportHeight":842}}
[2026-08-25T15:11:59.893Z] {"timestamp":1787670718006,"kind":"scroll","url":"http://localhost:3000/#contact","viewport":{"width":1707,"height":842},"payload":{"scrollX":0,"scrollY":4048,"documentHeight":9020,"viewportHeight":842}}
[2026-08-25T15:11:59.893Z] {"timestamp":1787670718508,"kind":"scroll","url":"http://localhost:3000/#contact","viewport":{"width":1707,"height":842},"payload":{"scrollX":0,"scrollY":4452.4443359375,"documentHeight":9020,"viewportHeight":842}}
[2026-08-25T15:11:59.893Z] {"timestamp":1787670719084,"kind":"scroll","url":"http://localhost:3000/#contact","viewport":{"width":1707,"height":842},"payload":{"scrollX":0,"scrollY":5266.66650390625,"documentHeight":9020,"viewportHeight":842}}
[2026-08-25T15:11:59.893Z] {"timestamp":1787670719852,"kind":"scroll","url":"http://localhost:3000/#contact","viewport":{"width":1707,"height":842},"payload":{"scrollX":0,"scrollY":5653.33349609375,"documentHeight":9020,"viewportHeight":842}}
[2026-08-25T15:12:01.892Z] {"timestamp":1787670720517,"kind":"scroll","url":"http://localhost:3000/#contact","viewport":{"width":1707,"height":842},"payload":{"scrollX":0,"scrollY":6165.33349609375,"documentHeight":9020,"viewportHeight":842}}
[2026-08-25T15:12:01.892Z] {"timestamp":1787670721039,"kind":"scroll","url":"http://localhost:3000/#contact","viewport":{"width":1707,"height":842},"payload":{"scrollX":0,"scrollY":6536,"documentHeight":9020,"viewportHeight":842}}
[2026-08-25T15:12:01.892Z] {"timestamp":1787670721575,"kind":"scroll","url":"http://localhost:3000/#contact","viewport":{"width":1707,"height":842},"payload":{"scrollX":0,"scrollY":6999.111328125,"documentHeight":9020,"viewportHeight":842}}
[2026-08-25T15:12:03.895Z] {"timestamp":1787670722242,"kind":"scroll","url":"http://localhost:3000/#contact","viewport":{"width":1707,"height":842},"payload":{"scrollX":0,"scrollY":7028.4443359375,"documentHeight":9020,"viewportHeight":842}}
[2026-08-25T15:13:45.896Z] {"timestamp":1787670824105,"kind":"scroll","url":"http://localhost:3000/#contact","viewport":{"width":1707,"height":842},"payload":{"scrollX":0,"scrollY":7336,"documentHeight":9020,"viewportHeight":842}}
[2026-08-25T15:13:45.896Z] {"timestamp":1787670824636,"kind":"scroll","url":"http://localhost:3000/#contact","viewport":{"width":1707,"height":842},"payload":{"scrollX":0,"scrollY":7799.111328125,"documentHeight":9020,"viewportHeight":842}}
[2026-08-25T15:13:49.886Z] {"timestamp":1787670827914,"kind":"scroll","url":"http://localhost:3000/#contact","viewport":{"width":1707,"height":842},"payload":{"scrollX":0,"scrollY":7760,"documentHeight":9020,"viewportHeight":842}}
[2026-08-25T15:13:49.886Z] {"timestamp":1787670829047,"kind":"scroll","url":"http://localhost:3000/#contact","viewport":{"width":1707,"height":842},"payload":{"scrollX":0,"scrollY":7578.66650390625,"documentHeight":9020,"viewportHeight":842}}
[2026-08-25T15:13:51.889Z] {"timestamp":1787670830304,"kind":"scroll","url":"http://localhost:3000/#contact","viewport":{"width":1707,"height":842},"payload":{"scrollX":0,"scrollY":6860.4443359375,"documentHeight":9020,"viewportHeight":842}}
[2026-08-25T15:13:51.889Z] {"timestamp":1787670830835,"kind":"scroll","url":"http://localhost:3000/#contact","viewport":{"width":1707,"height":842},"payload":{"scrollX":0,"scrollY":4713.77783203125,"documentHeight":9020,"viewportHeight":842}}
[2026-08-25T15:13:51.889Z] {"timestamp":1787670831335,"kind":"scroll","url":"http://localhost:3000/#contact","viewport":{"width":1707,"height":842},"payload":{"scrollX":0,"scrollY":2405.333251953125,"documentHeight":9020,"viewportHeight":842}}
[2026-08-25T15:13:51.889Z] {"timestamp":1787670831868,"kind":"scroll","url":"http://localhost:3000/#contact","viewport":{"width":1707,"height":842},"payload":{"scrollX":0,"scrollY":868.4444580078125,"documentHeight":9020,"viewportHeight":842}}
[2026-08-25T15:13:53.889Z] {"timestamp":1787670832368,"kind":"scroll","url":"http://localhost:3000/#contact","viewport":{"width":1707,"height":842},"payload":{"scrollX":0,"scrollY":273.77777099609375,"documentHeight":9020,"viewportHeight":842}}
[2026-08-25T15:15:16.688Z] {"timestamp":1787670914077,"kind":"focusin","url":"http://localhost:3000/#contact","viewport":{"width":1707,"height":842},"payload":{"target":{"tag":"a","id":null,"name":null,"type":null,"role":null,"ariaLabel":null,"testId":null,"dataLoc":"client\\src\\pages\\Home.tsx:92","href":"/images/resume.pdf","text":"Download Resume","selectorHint":"[data-loc=\"client\\src\\pages\\Home.tsx:92\"]"}}}
[2026-08-25T15:15:16.688Z] {"timestamp":1787670914295,"kind":"click","url":"http://localhost:3000/#contact","viewport":{"width":1707,"height":842},"payload":{"target":{"tag":"a","id":null,"name":null,"type":null,"role":null,"ariaLabel":null,"testId":null,"dataLoc":"client\\src\\pages\\Home.tsx:92","href":"/images/resume.pdf","text":"Download Resume","selectorHint":"[data-loc=\"client\\src\\pages\\Home.tsx:92\"]"},"x":390,"y":550}}
[2026-08-25T15:15:16.688Z] {"timestamp":1787670914373,"kind":"focusout","url":"http://localhost:3000/#contact","viewport":{"width":1707,"height":842},"payload":{"target":{"tag":"a","id":null,"name":null,"type":null,"role":null,"ariaLabel":null,"testId":null,"dataLoc":"client\\src\\pages\\Home.tsx:92","href":"/images/resume.pdf","text":"Download Resume","selectorHint":"[data-loc=\"client\\src\\pages\\Home.tsx:92\"]"},"value":null}}
[2026-08-25T15:15:27.898Z] {"timestamp":1787670926569,"kind":"focusin","url":"http://localhost:3000/#contact","viewport":{"width":1707,"height":842},"payload":{"target":{"tag":"a","id":null,"name":null,"type":null,"role":null,"ariaLabel":null,"testId":null,"dataLoc":"client\\src\\pages\\Home.tsx:92","href":"/images/resume.pdf","text":"Download Resume","selectorHint":"[data-loc=\"client\\src\\pages\\Home.tsx:92\"]"}}}
[2026-08-25T15:15:42.701Z] {"timestamp":1787670940570,"kind":"focusout","url":"http://localhost:3000/#contact","viewport":{"width":1707,"height":842},"payload":{"target":{"tag":"a","id":null,"name":null,"type":null,"role":null,"ariaLabel":null,"testId":null,"dataLoc":"client\\src\\pages\\Home.tsx:92","href":"/images/resume.pdf","text":"Download Resume","selectorHint":"[data-loc=\"client\\src\\pages\\Home.tsx:92\"]"},"value":null}}
[2026-08-25T15:16:06.629Z] {"timestamp":1787670966576,"kind":"focusin","url":"http://localhost:3000/#contact","viewport":{"width":1707,"height":842},"payload":{"target":{"tag":"a","id":null,"name":null,"type":null,"role":null,"ariaLabel":null,"testId":null,"dataLoc":"client\\src\\pages\\Home.tsx:92","href":"/images/resume.pdf","text":"Download Resume","selectorHint":"[data-loc=\"client\\src\\pages\\Home.tsx:92\"]"}}}
[2026-08-25T15:16:20.684Z] {"timestamp":1787670979158,"kind":"focusout","url":"http://localhost:3000/#contact","viewport":{"width":1707,"height":842},"payload":{"target":{"tag":"a","id":null,"name":null,"type":null,"role":null,"ariaLabel":null,"testId":null,"dataLoc":"client\\src\\pages\\Home.tsx:92","href":"/images/resume.pdf","text":"Download Resume","selectorHint":"[data-loc=\"client\\src\\pages\\Home.tsx:92\"]"},"value":null}}
[2026-08-25T15:16:21.897Z] {"timestamp":1787670981201,"kind":"focusin","url":"http://localhost:3000/#contact","viewport":{"width":1707,"height":842},"payload":{"target":{"tag":"a","id":null,"name":null,"type":null,"role":null,"ariaLabel":null,"testId":null,"dataLoc":"client\\src\\pages\\Home.tsx:92","href":"/images/resume.pdf","text":"Download Resume","selectorHint":"[data-loc=\"client\\src\\pages\\Home.tsx:92\"]"}}}
[2026-08-25T15:16:23.895Z] {"timestamp":1787670982860,"kind":"focusout","url":"http://localhost:3000/#contact","viewport":{"width":1707,"height":842},"payload":{"target":{"tag":"a","id":null,"name":null,"type":null,"role":null,"ariaLabel":null,"testId":null,"dataLoc":"client\\src\\pages\\Home.tsx:92","href":"/images/resume.pdf","text":"Download Resume","selectorHint":"[data-loc=\"client\\src\\pages\\Home.tsx:92\"]"},"value":null}}
[2026-08-25T15:16:23.895Z] {"timestamp":1787670983135,"kind":"focusin","url":"http://localhost:3000/#contact","viewport":{"width":1707,"height":842},"payload":{"target":{"tag":"a","id":null,"name":null,"type":null,"role":null,"ariaLabel":null,"testId":null,"dataLoc":"client\\src\\pages\\Home.tsx:92","href":"/images/resume.pdf","text":"Download Resume","selectorHint":"[data-loc=\"client\\src\\pages\\Home.tsx:92\"]"}}}
[2026-08-25T15:16:32.683Z] {"timestamp":1787670990269,"kind":"focusout","url":"http://localhost:3000/#contact","viewport":{"width":1707,"height":842},"payload":{"target":{"tag":"a","id":null,"name":null,"type":null,"role":null,"ariaLabel":null,"testId":null,"dataLoc":"client\\src\\pages\\Home.tsx:92","href":"/images/resume.pdf","text":"Download Resume","selectorHint":"[data-loc=\"client\\src\\pages\\Home.tsx:92\"]"},"value":null}}
[2026-08-25T15:16:49.901Z] {"timestamp":1787671008982,"kind":"focusin","url":"http://localhost:3000/#contact","viewport":{"width":1707,"height":842},"payload":{"target":{"tag":"a","id":null,"name":null,"type":null,"role":null,"ariaLabel":null,"testId":null,"dataLoc":"client\\src\\pages\\Home.tsx:92","href":"/images/resume.pdf","text":"Download Resume","selectorHint":"[data-loc=\"client\\src\\pages\\Home.tsx:92\"]"}}}
[2026-08-25T15:16:51.897Z] {"timestamp":1787671011736,"kind":"focusout","url":"http://localhost:3000/#contact","viewport":{"width":1707,"height":842},"payload":{"target":{"tag":"a","id":null,"name":null,"type":null,"role":null,"ariaLabel":null,"testId":null,"dataLoc":"client\\src\\pages\\Home.tsx:92","href":"/images/resume.pdf","text":"Download Resume","selectorHint":"[data-loc=\"client\\src\\pages\\Home.tsx:92\"]"},"value":null}}
[2026-08-25T15:16:55.897Z] {"timestamp":1787671013970,"kind":"focusin","url":"http://localhost:3000/#contact","viewport":{"width":1707,"height":842},"payload":{"target":{"tag":"a","id":null,"name":null,"type":null,"role":null,"ariaLabel":null,"testId":null,"dataLoc":"client\\src\\pages\\Home.tsx:92","href":"/images/resume.pdf","text":"Download Resume","selectorHint":"[data-loc=\"client\\src\\pages\\Home.tsx:92\"]"}}}
[2026-08-25T15:16:55.897Z] {"timestamp":1787671014439,"kind":"scroll","url":"http://localhost:3000/#contact","viewport":{"width":1707,"height":842},"payload":{"scrollX":0,"scrollY":113.77777862548828,"documentHeight":9020,"viewportHeight":842}}
[2026-08-25T15:16:55.897Z] {"timestamp":1787671014972,"kind":"scroll","url":"http://localhost:3000/#contact","viewport":{"width":1707,"height":842},"payload":{"scrollX":0,"scrollY":528,"documentHeight":9020,"viewportHeight":842}}
[2026-08-25T15:16:57.891Z] {"timestamp":1787671016995,"kind":"scroll","url":"http://localhost:3000/#contact","viewport":{"width":1707,"height":842},"payload":{"scrollX":0,"scrollY":418.6666564941406,"documentHeight":9020,"viewportHeight":842}}
[2026-08-25T15:16:59.896Z] {"timestamp":1787671018396,"kind":"scroll","url":"http://localhost:3000/#contact","viewport":{"width":1707,"height":842},"payload":{"scrollX":0,"scrollY":2.6666667461395264,"documentHeight":9020,"viewportHeight":842}}
[2026-08-25T15:16:59.896Z] {"timestamp":1787671019328,"kind":"scroll","url":"http://localhost:3000/#contact","viewport":{"width":1707,"height":842},"payload":{"scrollX":0,"scrollY":12.44444465637207,"documentHeight":9020,"viewportHeight":842}}
[2026-08-25T15:17:03.937Z] {"timestamp":1787671022030,"kind":"scroll","url":"http://localhost:3000/#contact","viewport":{"width":1707,"height":842},"payload":{"scrollX":0,"scrollY":66.66666412353516,"documentHeight":9020,"viewportHeight":842}}
[2026-08-25T15:17:03.937Z] {"timestamp":1787671022529,"kind":"scroll","url":"http://localhost:3000/#contact","viewport":{"width":1707,"height":842},"payload":{"scrollX":0,"scrollY":108.44444274902344,"documentHeight":9020,"viewportHeight":842}}
[2026-08-25T15:17:03.937Z] {"timestamp":1787671023883,"kind":"focusout","url":"http://localhost:3000/#contact","viewport":{"width":1707,"height":842},"payload":{"target":{"tag":"a","id":null,"name":null,"type":null,"role":null,"ariaLabel":null,"testId":null,"dataLoc":"client\\src\\pages\\Home.tsx:92","href":"/images/resume.pdf","text":"Download Resume","selectorHint":"[data-loc=\"client\\src\\pages\\Home.tsx:92\"]"},"value":null}}
[2026-08-25T15:17:49.887Z] {"timestamp":1787671069069,"kind":"focusin","url":"http://localhost:3000/#contact","viewport":{"width":1707,"height":842},"payload":{"target":{"tag":"a","id":null,"name":null,"type":null,"role":null,"ariaLabel":null,"testId":null,"dataLoc":"client\\src\\pages\\Home.tsx:92","href":"/images/resume.pdf","text":"Download Resume","selectorHint":"[data-loc=\"client\\src\\pages\\Home.tsx:92\"]"}}}
[2026-08-25T15:17:54.681Z] {"timestamp":1787671073514,"kind":"focusout","url":"http://localhost:3000/#contact","viewport":{"width":1707,"height":842},"payload":{"target":{"tag":"a","id":null,"name":null,"type":null,"role":null,"ariaLabel":null,"testId":null,"dataLoc":"client\\src\\pages\\Home.tsx:92","href":"/images/resume.pdf","text":"Download Resume","selectorHint":"[data-loc=\"client\\src\\pages\\Home.tsx:92\"]"},"value":null}}
[2026-08-25T15:17:59.897Z] {"timestamp":1787671078924,"kind":"focusin","url":"http://localhost:3000/#contact","viewport":{"width":1707,"height":842},"payload":{"target":{"tag":"a","id":null,"name":null,"type":null,"role":null,"ariaLabel":null,"testId":null,"dataLoc":"client\\src\\pages\\Home.tsx:92","href":"/images/resume.pdf","text":"Download Resume","selectorHint":"[data-loc=\"client\\src\\pages\\Home.tsx:92\"]"}}}
[2026-08-25T15:18:02.677Z] {"timestamp":1787671081264,"kind":"focusout","url":"http://localhost:3000/#contact","viewport":{"width":1707,"height":842},"payload":{"target":{"tag":"a","id":null,"name":null,"type":null,"role":null,"ariaLabel":null,"testId":null,"dataLoc":"client\\src\\pages\\Home.tsx:92","href":"/images/resume.pdf","text":"Download Resume","selectorHint":"[data-loc=\"client\\src\\pages\\Home.tsx:92\"]"},"value":null}}
[2026-08-25T15:18:29.895Z] {"timestamp":1787671109226,"kind":"focusin","url":"http://localhost:3000/#contact","viewport":{"width":1707,"height":842},"payload":{"target":{"tag":"a","id":null,"name":null,"type":null,"role":null,"ariaLabel":null,"testId":null,"dataLoc":"client\\src\\pages\\Home.tsx:92","href":"/images/resume.pdf","text":"Download Resume","selectorHint":"[data-loc=\"client\\src\\pages\\Home.tsx:92\"]"}}}
[2026-08-25T15:18:32.707Z] {"timestamp":1787671111249,"kind":"focusout","url":"http://localhost:3000/#contact","viewport":{"width":1707,"height":842},"payload":{"target":{"tag":"a","id":null,"name":null,"type":null,"role":null,"ariaLabel":null,"testId":null,"dataLoc":"client\\src\\pages\\Home.tsx:92","href":"/images/resume.pdf","text":"Download Resume","selectorHint":"[data-loc=\"client\\src\\pages\\Home.tsx:92\"]"},"value":null}}
[2026-08-25T15:18:35.892Z] {"timestamp":1787671115150,"kind":"focusin","url":"http://localhost:3000/#contact","viewport":{"width":1707,"height":842},"payload":{"target":{"tag":"a","id":null,"name":null,"type":null,"role":null,"ariaLabel":null,"testId":null,"dataLoc":"client\\src\\pages\\Home.tsx:92","href":"/images/resume.pdf","text":"Download Resume","selectorHint":"[data-loc=\"client\\src\\pages\\Home.tsx:92\"]"}}}
[2026-08-25T15:18:44.700Z] {"timestamp":1787671122271,"kind":"focusout","url":"http://localhost:3000/#contact","viewport":{"width":1707,"height":842},"payload":{"target":{"tag":"a","id":null,"name":null,"type":null,"role":null,"ariaLabel":null,"testId":null,"dataLoc":"client\\src\\pages\\Home.tsx:92","href":"/images/resume.pdf","text":"Download Resume","selectorHint":"[data-loc=\"client\\src\\pages\\Home.tsx:92\"]"},"value":null}}
[2026-08-25T15:18:47.891Z] {"timestamp":1787671127886,"kind":"focusin","url":"http://localhost:3000/#contact","viewport":{"width":1707,"height":842},"payload":{"target":{"tag":"a","id":null,"name":null,"type":null,"role":null,"ariaLabel":null,"testId":null,"dataLoc":"client\\src\\pages\\Home.tsx:92","href":"/images/resume.pdf","text":"Download Resume","selectorHint":"[data-loc=\"client\\src\\pages\\Home.tsx:92\"]"}}}
[2026-08-25T15:18:58.694Z] {"timestamp":1787671137182,"kind":"focusout","url":"http://localhost:3000/#contact","viewport":{"width":1707,"height":842},"payload":{"target":{"tag":"a","id":null,"name":null,"type":null,"role":null,"ariaLabel":null,"testId":null,"dataLoc":"client\\src\\pages\\Home.tsx:92","href":"/images/resume.pdf","text":"Download Resume","selectorHint":"[data-loc=\"client\\src\\pages\\Home.tsx:92\"]"},"value":null}}
[2026-08-25T15:19:03.894Z] {"timestamp":1787671142801,"kind":"focusin","url":"http://localhost:3000/#contact","viewport":{"width":1707,"height":842},"payload":{"target":{"tag":"a","id":null,"name":null,"type":null,"role":null,"ariaLabel":null,"testId":null,"dataLoc":"client\\src\\pages\\Home.tsx:92","href":"/images/resume.pdf","text":"Download Resume","selectorHint":"[data-loc=\"client\\src\\pages\\Home.tsx:92\"]"}}}
[2026-08-25T15:19:09.231Z] {"timestamp":1787671147353,"kind":"scroll","url":"http://localhost:3000/#contact","viewport":{"width":1707,"height":842},"payload":{"scrollX":0,"scrollY":209.77777099609375,"documentHeight":9026,"viewportHeight":842}}
[2026-08-25T15:19:09.231Z] {"timestamp":1787671148591,"kind":"scroll","url":"http://localhost:3000/#contact","viewport":{"width":1707,"height":842},"payload":{"scrollX":0,"scrollY":375.1111145019531,"documentHeight":9026,"viewportHeight":842}}
[2026-08-25T15:19:11.231Z] {"timestamp":1787671149234,"kind":"scroll","url":"http://localhost:3000/#contact","viewport":{"width":1707,"height":842},"payload":{"scrollX":0,"scrollY":620.4444580078125,"documentHeight":9026,"viewportHeight":842}}
[2026-08-25T15:19:23.228Z] {"timestamp":1787671162357,"kind":"scroll","url":"http://localhost:3000/#contact","viewport":{"width":1707,"height":842},"payload":{"scrollX":0,"scrollY":915.5555419921875,"documentHeight":9026,"viewportHeight":842}}
[2026-08-25T15:19:23.228Z] {"timestamp":1787671162959,"kind":"scroll","url":"http://localhost:3000/#contact","viewport":{"width":1707,"height":842},"payload":{"scrollX":0,"scrollY":1363.5555419921875,"documentHeight":9026,"viewportHeight":842}}
[2026-08-25T15:19:25.225Z] {"timestamp":1787671163491,"kind":"scroll","url":"http://localhost:3000/#contact","viewport":{"width":1707,"height":842},"payload":{"scrollX":0,"scrollY":761.7777709960938,"documentHeight":9026,"viewportHeight":842}}
[2026-08-25T15:19:25.225Z] {"timestamp":1787671163991,"kind":"scroll","url":"http://localhost:3000/#contact","viewport":{"width":1707,"height":842},"payload":{"scrollX":0,"scrollY":612.4444580078125,"documentHeight":9026,"viewportHeight":842}}
[2026-08-25T15:19:25.225Z] {"timestamp":1787671164657,"kind":"scroll","url":"http://localhost:3000/#contact","viewport":{"width":1707,"height":842},"payload":{"scrollX":0,"scrollY":473.77777099609375,"documentHeight":9026,"viewportHeight":842}}
[2026-08-25T15:19:27.230Z] {"timestamp":1787671165656,"kind":"scroll","url":"http://localhost:3000/#contact","viewport":{"width":1707,"height":842},"payload":{"scrollX":0,"scrollY":472.8888854980469,"documentHeight":9026,"viewportHeight":842}}
[2026-08-25T15:19:27.230Z] {"timestamp":1787671166758,"kind":"scroll","url":"http://localhost:3000/#contact","viewport":{"width":1707,"height":842},"payload":{"scrollX":0,"scrollY":1086.22216796875,"documentHeight":9026,"viewportHeight":842}}
[2026-08-25T15:19:29.234Z] {"timestamp":1787671167258,"kind":"scroll","url":"http://localhost:3000/#contact","viewport":{"width":1707,"height":842},"payload":{"scrollX":0,"scrollY":1004.4444580078125,"documentHeight":9026,"viewportHeight":842}}
[2026-08-25T15:19:33.218Z] {"timestamp":1787671172533,"kind":"scroll","url":"http://localhost:3000/#contact","viewport":{"width":1707,"height":842},"payload":{"scrollX":0,"scrollY":691.5555419921875,"documentHeight":9026,"viewportHeight":842}}
[2026-08-25T15:19:33.218Z] {"timestamp":1787671173034,"kind":"scroll","url":"http://localhost:3000/#contact","viewport":{"width":1707,"height":842},"payload":{"scrollX":0,"scrollY":1887.111083984375,"documentHeight":9026,"viewportHeight":842}}
[2026-08-25T15:19:35.224Z] {"timestamp":1787671173565,"kind":"scroll","url":"http://localhost:3000/#contact","viewport":{"width":1707,"height":842},"payload":{"scrollX":0,"scrollY":2668.4443359375,"documentHeight":9026,"viewportHeight":842}}
[2026-08-25T15:19:35.224Z] {"timestamp":1787671174090,"kind":"scroll","url":"http://localhost:3000/#contact","viewport":{"width":1707,"height":842},"payload":{"scrollX":0,"scrollY":3337.77783203125,"documentHeight":9026,"viewportHeight":842}}
[2026-08-25T15:19:35.224Z] {"timestamp":1787671174668,"kind":"scroll","url":"http://localhost:3000/#contact","viewport":{"width":1707,"height":842},"payload":{"scrollX":0,"scrollY":3705.77783203125,"documentHeight":9026,"viewportHeight":842}}
[2026-08-25T15:19:35.224Z] {"timestamp":1787671175170,"kind":"scroll","url":"http://localhost:3000/#contact","viewport":{"width":1707,"height":842},"payload":{"scrollX":0,"scrollY":5193.77783203125,"documentHeight":9026,"viewportHeight":842}}
[2026-08-25T15:19:37.222Z] {"timestamp":1787671175990,"kind":"scroll","url":"http://localhost:3000/#contact","viewport":{"width":1707,"height":842},"payload":{"scrollX":0,"scrollY":5876.4443359375,"documentHeight":9026,"viewportHeight":842}}
[2026-08-25T15:19:37.222Z] {"timestamp":1787671176490,"kind":"scroll","url":"http://localhost:3000/#contact","viewport":{"width":1707,"height":842},"payload":{"scrollX":0,"scrollY":6430.22216796875,"documentHeight":9026,"viewportHeight":842}}
[2026-08-25T15:19:41.225Z] {"timestamp":1787671179790,"kind":"scroll","url":"http://localhost:3000/#contact","viewport":{"width":1707,"height":842},"payload":{"scrollX":0,"scrollY":6177.77783203125,"documentHeight":9026,"viewportHeight":842}}
[2026-08-25T15:19:41.225Z] {"timestamp":1787671180324,"kind":"scroll","url":"http://localhost:3000/#contact","viewport":{"width":1707,"height":842},"payload":{"scrollX":0,"scrollY":3075.5556640625,"documentHeight":9026,"viewportHeight":842}}
[2026-08-25T15:19:41.225Z] {"timestamp":1787671180857,"kind":"scroll","url":"http://localhost:3000/#contact","viewport":{"width":1707,"height":842},"payload":{"scrollX":0,"scrollY":0,"documentHeight":9026,"viewportHeight":842}}
[2026-08-25T15:25:15.582Z] {"timestamp":1787671513802,"kind":"scroll","url":"http://localhost:3000/#contact","viewport":{"width":1707,"height":842},"payload":{"scrollX":0,"scrollY":111.11111450195312,"documentHeight":9026,"viewportHeight":842}}
[2026-08-25T15:25:15.582Z] {"timestamp":1787671514324,"kind":"scroll","url":"http://localhost:3000/#contact","viewport":{"width":1707,"height":842},"payload":{"scrollX":0,"scrollY":721.7777709960938,"documentHeight":9026,"viewportHeight":842}}
[2026-08-25T15:25:15.582Z] {"timestamp":1787671514835,"kind":"scroll","url":"http://localhost:3000/#contact","viewport":{"width":1707,"height":842},"payload":{"scrollX":0,"scrollY":860.4444580078125,"documentHeight":9026,"viewportHeight":842}}
[2026-08-25T15:25:15.582Z] {"timestamp":1787671515394,"kind":"scroll","url":"http://localhost:3000/#contact","viewport":{"width":1707,"height":842},"payload":{"scrollX":0,"scrollY":1370.6666259765625,"documentHeight":9026,"viewportHeight":842}}
[2026-08-25T15:25:17.578Z] {"timestamp":1787671515895,"kind":"scroll","url":"http://localhost:3000/#contact","viewport":{"width":1707,"height":842},"payload":{"scrollX":0,"scrollY":2207.111083984375,"documentHeight":9026,"viewportHeight":842}}
[2026-08-25T15:25:17.578Z] {"timestamp":1787671516424,"kind":"scroll","url":"http://localhost:3000/#contact","viewport":{"width":1707,"height":842},"payload":{"scrollX":0,"scrollY":2461.333251953125,"documentHeight":9026,"viewportHeight":842}}
[2026-08-25T15:25:17.578Z] {"timestamp":1787671517060,"kind":"scroll","url":"http://localhost:3000/#contact","viewport":{"width":1707,"height":842},"payload":{"scrollX":0,"scrollY":2282.666748046875,"documentHeight":9026,"viewportHeight":842}}
[2026-08-25T15:25:19.570Z] {"timestamp":1787671518470,"kind":"scroll","url":"http://localhost:3000/#contact","viewport":{"width":1707,"height":842},"payload":{"scrollX":0,"scrollY":2135.111083984375,"documentHeight":9026,"viewportHeight":842}}
[2026-08-25T15:25:19.570Z] {"timestamp":1787671518992,"kind":"scroll","url":"http://localhost:3000/#contact","viewport":{"width":1707,"height":842},"payload":{"scrollX":0,"scrollY":2952,"documentHeight":9026,"viewportHeight":842}}
[2026-08-25T15:25:19.570Z] {"timestamp":1787671519491,"kind":"scroll","url":"http://localhost:3000/#contact","viewport":{"width":1707,"height":842},"payload":{"scrollX":0,"scrollY":3762.666748046875,"documentHeight":9026,"viewportHeight":842}}
[2026-08-25T15:25:21.567Z] {"timestamp":1787671519993,"kind":"scroll","url":"http://localhost:3000/#contact","viewport":{"width":1707,"height":842},"payload":{"scrollX":0,"scrollY":4780.4443359375,"documentHeight":9026,"viewportHeight":842}}
[2026-08-25T15:25:21.567Z] {"timestamp":1787671520496,"kind":"scroll","url":"http://localhost:3000/#contact","viewport":{"width":1707,"height":842},"payload":{"scrollX":0,"scrollY":5295.111328125,"documentHeight":9026,"viewportHeight":842}}
[2026-08-25T15:25:21.567Z] {"timestamp":1787671521236,"kind":"scroll","url":"http://localhost:3000/#contact","viewport":{"width":1707,"height":842},"payload":{"scrollX":0,"scrollY":5593.77783203125,"documentHeight":9026,"viewportHeight":842}}
[2026-08-25T15:25:23.575Z] {"timestamp":1787671521758,"kind":"scroll","url":"http://localhost:3000/#contact","viewport":{"width":1707,"height":842},"payload":{"scrollX":0,"scrollY":4951.111328125,"documentHeight":9026,"viewportHeight":842}}
[2026-08-25T15:25:23.575Z] {"timestamp":1787671522960,"kind":"scroll","url":"http://localhost:3000/#contact","viewport":{"width":1707,"height":842},"payload":{"scrollX":0,"scrollY":5341.33349609375,"documentHeight":9026,"viewportHeight":842}}
[2026-08-25T15:25:23.575Z] {"timestamp":1787671523460,"kind":"scroll","url":"http://localhost:3000/#contact","viewport":{"width":1707,"height":842},"payload":{"scrollX":0,"scrollY":5490.66650390625,"documentHeight":9026,"viewportHeight":842}}
[2026-08-25T15:25:25.583Z] {"timestamp":1787671523961,"kind":"scroll","url":"http://localhost:3000/#contact","viewport":{"width":1707,"height":842},"payload":{"scrollX":0,"scrollY":6473.77783203125,"documentHeight":9026,"viewportHeight":842}}
[2026-08-25T15:25:25.583Z] {"timestamp":1787671524494,"kind":"scroll","url":"http://localhost:3000/#contact","viewport":{"width":1707,"height":842},"payload":{"scrollX":0,"scrollY":6879.111328125,"documentHeight":9026,"viewportHeight":842}}
[2026-08-25T15:25:25.583Z] {"timestamp":1787671524993,"kind":"scroll","url":"http://localhost:3000/#contact","viewport":{"width":1707,"height":842},"payload":{"scrollX":0,"scrollY":7285.33349609375,"documentHeight":9026,"viewportHeight":842}}
[2026-08-25T15:25:25.583Z] {"timestamp":1787671525526,"kind":"scroll","url":"http://localhost:3000/#contact","viewport":{"width":1707,"height":842},"payload":{"scrollX":0,"scrollY":7805.33349609375,"documentHeight":9026,"viewportHeight":842}}
[2026-08-25T15:25:27.577Z] {"timestamp":1787671526060,"kind":"scroll","url":"http://localhost:3000/#contact","viewport":{"width":1707,"height":842},"payload":{"scrollX":0,"scrollY":8184,"documentHeight":9026,"viewportHeight":842}}
[2026-08-25T15:25:29.572Z] {"timestamp":1787671528326,"kind":"scroll","url":"http://localhost:3000/#contact","viewport":{"width":1707,"height":842},"payload":{"scrollX":0,"scrollY":8121.77783203125,"documentHeight":9026,"viewportHeight":842}}
[2026-08-25T15:25:29.572Z] {"timestamp":1787671528993,"kind":"scroll","url":"http://localhost:3000/#contact","viewport":{"width":1707,"height":842},"payload":{"scrollX":0,"scrollY":7450.66650390625,"documentHeight":9026,"viewportHeight":842}}
[2026-08-25T15:25:31.573Z] {"timestamp":1787671530292,"kind":"scroll","url":"http://localhost:3000/#contact","viewport":{"width":1707,"height":842},"payload":{"scrollX":0,"scrollY":6949.33349609375,"documentHeight":9026,"viewportHeight":842}}
[2026-08-25T15:25:31.573Z] {"timestamp":1787671530792,"kind":"scroll","url":"http://localhost:3000/#contact","viewport":{"width":1707,"height":842},"payload":{"scrollX":0,"scrollY":6549.33349609375,"documentHeight":9026,"viewportHeight":842}}
[2026-08-25T15:25:31.573Z] {"timestamp":1787671531569,"kind":"scroll","url":"http://localhost:3000/#contact","viewport":{"width":1707,"height":842},"payload":{"scrollX":0,"scrollY":6396.4443359375,"documentHeight":9026,"viewportHeight":842}}
[2026-08-25T15:25:33.576Z] {"timestamp":1787671532935,"kind":"scroll","url":"http://localhost:3000/#contact","viewport":{"width":1707,"height":842},"payload":{"scrollX":0,"scrollY":5871.111328125,"documentHeight":9026,"viewportHeight":842}}
[2026-08-25T15:25:35.569Z] {"timestamp":1787671534091,"kind":"scroll","url":"http://localhost:3000/#contact","viewport":{"width":1707,"height":842},"payload":{"scrollX":0,"scrollY":5457.77783203125,"documentHeight":9026,"viewportHeight":842}}
[2026-08-25T15:25:35.569Z] {"timestamp":1787671534592,"kind":"scroll","url":"http://localhost:3000/#contact","viewport":{"width":1707,"height":842},"payload":{"scrollX":0,"scrollY":5300.4443359375,"documentHeight":9026,"viewportHeight":842}}
[2026-08-25T15:25:35.569Z] {"timestamp":1787671535092,"kind":"scroll","url":"http://localhost:3000/#contact","viewport":{"width":1707,"height":842},"payload":{"scrollX":0,"scrollY":4568,"documentHeight":9026,"viewportHeight":842}}
[2026-08-25T15:25:37.566Z] {"timestamp":1787671535792,"kind":"scroll","url":"http://localhost:3000/#contact","viewport":{"width":1707,"height":842},"payload":{"scrollX":0,"scrollY":3921.77783203125,"documentHeight":9026,"viewportHeight":842}}
[2026-08-25T15:25:37.566Z] {"timestamp":1787671537093,"kind":"scroll","url":"http://localhost:3000/#contact","viewport":{"width":1707,"height":842},"payload":{"scrollX":0,"scrollY":3776,"documentHeight":9026,"viewportHeight":842}}
[2026-08-25T15:25:39.568Z] {"timestamp":1787671537628,"kind":"scroll","url":"http://localhost:3000/#contact","viewport":{"width":1707,"height":842},"payload":{"scrollX":0,"scrollY":5261.33349609375,"documentHeight":9026,"viewportHeight":842}}
[2026-08-25T15:25:39.568Z] {"timestamp":1787671538167,"kind":"scroll","url":"http://localhost:3000/#contact","viewport":{"width":1707,"height":842},"payload":{"scrollX":0,"scrollY":5946.66650390625,"documentHeight":9026,"viewportHeight":842}}
[2026-08-25T15:25:39.568Z] {"timestamp":1787671538992,"kind":"scroll","url":"http://localhost:3000/#contact","viewport":{"width":1707,"height":842},"payload":{"scrollX":0,"scrollY":6431.111328125,"documentHeight":9026,"viewportHeight":842}}
[2026-08-25T15:25:41.570Z] {"timestamp":1787671540226,"kind":"scroll","url":"http://localhost:3000/#contact","viewport":{"width":1707,"height":842},"payload":{"scrollX":0,"scrollY":6456,"documentHeight":9026,"viewportHeight":842}}
[2026-08-25T15:25:41.570Z] {"timestamp":1787671540725,"kind":"scroll","url":"http://localhost:3000/#contact","viewport":{"width":1707,"height":842},"payload":{"scrollX":0,"scrollY":6816,"documentHeight":9026,"viewportHeight":842}}
[2026-08-25T15:25:41.570Z] {"timestamp":1787671541501,"kind":"scroll","url":"http://localhost:3000/#contact","viewport":{"width":1707,"height":842},"payload":{"scrollX":0,"scrollY":6820.4443359375,"documentHeight":9026,"viewportHeight":842}}
[2026-08-25T15:25:43.576Z] {"timestamp":1787671542023,"kind":"scroll","url":"http://localhost:3000/#contact","viewport":{"width":1707,"height":842},"payload":{"scrollX":0,"scrollY":6845.33349609375,"documentHeight":9026,"viewportHeight":842}}
[2026-08-25T15:25:43.576Z] {"timestamp":1787671543123,"kind":"scroll","url":"http://localhost:3000/#contact","viewport":{"width":1707,"height":842},"payload":{"scrollX":0,"scrollY":6849.77783203125,"documentHeight":9026,"viewportHeight":842}}
[2026-08-25T15:25:45.578Z] {"timestamp":1787671543636,"kind":"scroll","url":"http://localhost:3000/#contact","viewport":{"width":1707,"height":842},"payload":{"scrollX":0,"scrollY":7425.77783203125,"documentHeight":9026,"viewportHeight":842}}
[2026-08-25T15:25:45.578Z] {"timestamp":1787671544156,"kind":"scroll","url":"http://localhost:3000/#contact","viewport":{"width":1707,"height":842},"payload":{"scrollX":0,"scrollY":7905.77783203125,"documentHeight":9026,"viewportHeight":842}}
[2026-08-25T15:26:23.583Z] {"timestamp":1787671581666,"kind":"scroll","url":"http://localhost:3000/#contact","viewport":{"width":1707,"height":842},"payload":{"scrollX":0,"scrollY":8068.4443359375,"documentHeight":9026,"viewportHeight":842}}
[2026-08-25T15:26:23.583Z] {"timestamp":1787671582490,"kind":"scroll","url":"http://localhost:3000/#contact","viewport":{"width":1707,"height":842},"payload":{"scrollX":0,"scrollY":8184,"documentHeight":9026,"viewportHeight":842}}
[2026-08-25T15:27:25.572Z] {"timestamp":1787671644498,"kind":"scroll","url":"http://localhost:3000/#contact","viewport":{"width":1707,"height":842},"payload":{"scrollX":0,"scrollY":8136,"documentHeight":9026,"viewportHeight":842}}
[2026-08-25T15:27:25.573Z] {"timestamp":1787671645020,"kind":"scroll","url":"http://localhost:3000/#contact","viewport":{"width":1707,"height":842},"payload":{"scrollX":0,"scrollY":7690.66650390625,"documentHeight":9026,"viewportHeight":842}}
[2026-08-25T15:27:25.573Z] {"timestamp":1787671645520,"kind":"scroll","url":"http://localhost:3000/#contact","viewport":{"width":1707,"height":842},"payload":{"scrollX":0,"scrollY":7197.33349609375,"documentHeight":9026,"viewportHeight":842}}
[2026-08-25T15:27:27.571Z] {"timestamp":1787671646155,"kind":"scroll","url":"http://localhost:3000/#contact","viewport":{"width":1707,"height":842},"payload":{"scrollX":0,"scrollY":6695.111328125,"documentHeight":9026,"viewportHeight":842}}
[2026-08-25T15:27:27.571Z] {"timestamp":1787671646685,"kind":"scroll","url":"http://localhost:3000/#contact","viewport":{"width":1707,"height":842},"payload":{"scrollX":0,"scrollY":6309.33349609375,"documentHeight":9026,"viewportHeight":842}}
[2026-08-25T15:27:27.571Z] {"timestamp":1787671647386,"kind":"scroll","url":"http://localhost:3000/#contact","viewport":{"width":1707,"height":842},"payload":{"scrollX":0,"scrollY":6248,"documentHeight":9026,"viewportHeight":842}}
[2026-08-25T15:27:29.679Z] {"timestamp":1787671647886,"kind":"scroll","url":"http://localhost:3000/#contact","viewport":{"width":1707,"height":842},"payload":{"scrollX":0,"scrollY":5500.4443359375,"documentHeight":9026,"viewportHeight":842}}
[2026-08-25T17:17:01.713Z] {"timestamp":1787678219637,"kind":"scroll","url":"http://localhost:3000/#contact","viewport":{"width":1707,"height":842},"payload":{"scrollX":0,"scrollY":5496,"documentHeight":9026,"viewportHeight":842}}
[2026-08-25T17:22:06.916Z] {"timestamp":1787678525066,"kind":"scroll","url":"http://localhost:3000/#contact","viewport":{"width":1707,"height":842},"payload":{"scrollX":0,"scrollY":5496,"documentHeight":9026,"viewportHeight":842}}
[2026-08-25T17:22:46.910Z] {"timestamp":1787678564924,"kind":"focusin","url":"http://localhost:3000/#contact","viewport":{"width":1707,"height":842},"payload":{"target":{"tag":"a","id":null,"name":null,"type":null,"role":null,"ariaLabel":null,"testId":null,"dataLoc":"client\\src\\pages\\Home.tsx:101","href":"#about","text":"01 ABOUT","selectorHint":"[data-loc=\"client\\src\\pages\\Home.tsx:101\"]"}}}
[2026-08-25T17:22:46.910Z] {"timestamp":1787678565145,"kind":"click","url":"http://localhost:3000/#contact","viewport":{"width":1707,"height":842},"payload":{"target":{"tag":"b","id":null,"name":null,"type":null,"role":null,"ariaLabel":null,"testId":null,"dataLoc":"client\\src\\pages\\Home.tsx:101","href":null,"text":"01","selectorHint":"[data-loc=\"client\\src\\pages\\Home.tsx:101\"]"},"x":19,"y":293}}
[2026-08-25T17:22:46.910Z] {"timestamp":1787678565146,"kind":"navigate","url":"http://localhost:3000/#about","viewport":{"width":1707,"height":842},"payload":{"reason":"popstate"}}
[2026-08-25T17:22:46.910Z] {"timestamp":1787678565146,"kind":"focusout","url":"http://localhost:3000/#about","viewport":{"width":1707,"height":842},"payload":{"target":{"tag":"a","id":null,"name":null,"type":null,"role":null,"ariaLabel":null,"testId":null,"dataLoc":"client\\src\\pages\\Home.tsx:101","href":"#about","text":"01 ABOUT","selectorHint":"[data-loc=\"client\\src\\pages\\Home.tsx:101\"]"},"value":null}}
[2026-08-25T17:22:46.910Z] {"timestamp":1787678565154,"kind":"navigate","url":"http://localhost:3000/#about","viewport":{"width":1707,"height":842},"payload":{"reason":"hashchange"}}
[2026-08-25T17:22:46.910Z] {"timestamp":1787678565187,"kind":"scroll","url":"http://localhost:3000/#about","viewport":{"width":1707,"height":842},"payload":{"scrollX":0,"scrollY":5494.22216796875,"documentHeight":9026,"viewportHeight":842}}
[2026-08-25T17:22:46.910Z] {"timestamp":1787678565688,"kind":"scroll","url":"http://localhost:3000/#about","viewport":{"width":1707,"height":842},"payload":{"scrollX":0,"scrollY":1797.3333740234375,"documentHeight":9026,"viewportHeight":842}}
[2026-08-25T17:22:46.910Z] {"timestamp":1787678566203,"kind":"scroll","url":"http://localhost:3000/#about","viewport":{"width":1707,"height":842},"payload":{"scrollX":0,"scrollY":878.2222290039062,"documentHeight":9026,"viewportHeight":842}}
[2026-08-25T17:25:02.907Z] {"timestamp":1787678702149,"kind":"scroll","url":"http://localhost:3000/#about","viewport":{"width":1707,"height":842},"payload":{"scrollX":0,"scrollY":784.888916015625,"documentHeight":9026,"viewportHeight":842}}
[2026-08-25T17:25:04.901Z] {"timestamp":1787678704468,"kind":"scroll","url":"http://localhost:3000/#about","viewport":{"width":1707,"height":842},"payload":{"scrollX":0,"scrollY":98.66666412353516,"documentHeight":9026,"viewportHeight":842}}
[2026-08-25T17:25:06.901Z] {"timestamp":1787678705132,"kind":"scroll","url":"http://localhost:3000/#about","viewport":{"width":1707,"height":842},"payload":{"scrollX":0,"scrollY":532.4444580078125,"documentHeight":9026,"viewportHeight":842}}
[2026-08-25T17:25:06.901Z] {"timestamp":1787678705632,"kind":"scroll","url":"http://localhost:3000/#about","viewport":{"width":1707,"height":842},"payload":{"scrollX":0,"scrollY":848,"documentHeight":9026,"viewportHeight":842}}
[2026-08-25T17:25:16.904Z] {"timestamp":1787678715106,"kind":"focusin","url":"http://localhost:3000/#about","viewport":{"width":1707,"height":842},"payload":{"target":{"tag":"a","id":null,"name":null,"type":null,"role":null,"ariaLabel":null,"testId":null,"dataLoc":"client\\src\\pages\\Home.tsx:105","href":"#certificates","text":"08 CERTIFICATES","selectorHint":"[data-loc=\"client\\src\\pages\\Home.tsx:105\"]"}}}
[2026-08-25T17:25:16.904Z] {"timestamp":1787678715318,"kind":"click","url":"http://localhost:3000/#about","viewport":{"width":1707,"height":842},"payload":{"target":{"tag":"b","id":null,"name":null,"type":null,"role":null,"ariaLabel":null,"testId":null,"dataLoc":"client\\src\\pages\\Home.tsx:110","href":null,"text":"08","selectorHint":"[data-loc=\"client\\src\\pages\\Home.tsx:110\"]"},"x":36,"y":496}}
[2026-08-25T17:25:16.904Z] {"timestamp":1787678715319,"kind":"navigate","url":"http://localhost:3000/#certificates","viewport":{"width":1707,"height":842},"payload":{"reason":"popstate"}}
[2026-08-25T17:25:16.904Z] {"timestamp":1787678715333,"kind":"navigate","url":"http://localhost:3000/#certificates","viewport":{"width":1707,"height":842},"payload":{"reason":"hashchange"}}
[2026-08-25T17:25:16.904Z] {"timestamp":1787678716718,"kind":"focusout","url":"http://localhost:3000/#certificates","viewport":{"width":1707,"height":842},"payload":{"target":{"tag":"a","id":null,"name":null,"type":null,"role":null,"ariaLabel":null,"testId":null,"dataLoc":"client\\src\\pages\\Home.tsx:105","href":"#certificates","text":"08 CERTIFICATES","selectorHint":"[data-loc=\"client\\src\\pages\\Home.tsx:105\"]"},"value":null}}
[2026-08-25T17:25:18.906Z] {"timestamp":1787678716938,"kind":"click","url":"http://localhost:3000/#certificates","viewport":{"width":1707,"height":842},"payload":{"target":{"tag":"aside","id":null,"name":null,"type":null,"role":null,"ariaLabel":"Portfolio chapter index","testId":null,"dataLoc":"client\\src\\pages\\Home.tsx:101","href":null,"text":"01 ABOUT 02 EDUCATION 03 EXPERIENCE 04 PROJECTS 05 OPENSOURCE 06 TEAMWORK 07 LEA…","selectorHint":"[data-loc=\"client\\src\\pages\\Home.tsx:101\"]"},"x":18,"y":496}}
[2026-08-25T17:25:18.906Z] {"timestamp":1787678717761,"kind":"focusin","url":"http://localhost:3000/#certificates","viewport":{"width":1707,"height":842},"payload":{"target":{"tag":"a","id":null,"name":null,"type":null,"role":null,"ariaLabel":null,"testId":null,"dataLoc":"client\\src\\pages\\Home.tsx:105","href":"#certificates","text":"08 CERTIFICATES","selectorHint":"[data-loc=\"client\\src\\pages\\Home.tsx:105\"]"}}}
[2026-08-25T17:25:18.906Z] {"timestamp":1787678717977,"kind":"click","url":"http://localhost:3000/#certificates","viewport":{"width":1707,"height":842},"payload":{"target":{"tag":"b","id":null,"name":null,"type":null,"role":null,"ariaLabel":null,"testId":null,"dataLoc":"client\\src\\pages\\Home.tsx:110","href":null,"text":"08","selectorHint":"[data-loc=\"client\\src\\pages\\Home.tsx:110\"]"},"x":32,"y":494}}
[2026-08-25T17:25:18.906Z] {"timestamp":1787678717978,"kind":"navigate","url":"http://localhost:3000/#certificates","viewport":{"width":1707,"height":842},"payload":{"reason":"popstate"}}
[2026-08-25T17:25:18.906Z] {"timestamp":1787678718733,"kind":"focusout","url":"http://localhost:3000/#certificates","viewport":{"width":1707,"height":842},"payload":{"target":{"tag":"a","id":null,"name":null,"type":null,"role":null,"ariaLabel":null,"testId":null,"dataLoc":"client\\src\\pages\\Home.tsx:105","href":"#certificates","text":"08 CERTIFICATES","selectorHint":"[data-loc=\"client\\src\\pages\\Home.tsx:105\"]"},"value":null}}
[2026-08-25T17:25:18.906Z] {"timestamp":1787678718734,"kind":"focusin","url":"http://localhost:3000/#certificates","viewport":{"width":1707,"height":842},"payload":{"target":{"tag":"a","id":null,"name":null,"type":null,"role":null,"ariaLabel":null,"testId":null,"dataLoc":"client\\src\\pages\\Home.tsx:105","href":"#leadership","text":"07 LEADERSHIP","selectorHint":"[data-loc=\"client\\src\\pages\\Home.tsx:105\"]"}}}
[2026-08-25T17:25:20.915Z] {"timestamp":1787678718952,"kind":"click","url":"http://localhost:3000/#certificates","viewport":{"width":1707,"height":842},"payload":{"target":{"tag":"b","id":null,"name":null,"type":null,"role":null,"ariaLabel":null,"testId":null,"dataLoc":"client\\src\\pages\\Home.tsx:110","href":null,"text":"07","selectorHint":"[data-loc=\"client\\src\\pages\\Home.tsx:110\"]"},"x":32,"y":464}}
[2026-08-25T17:25:20.915Z] {"timestamp":1787678718953,"kind":"navigate","url":"http://localhost:3000/#leadership","viewport":{"width":1707,"height":842},"payload":{"reason":"popstate"}}
[2026-08-25T17:25:20.915Z] {"timestamp":1787678718953,"kind":"focusout","url":"http://localhost:3000/#leadership","viewport":{"width":1707,"height":842},"payload":{"target":{"tag":"a","id":null,"name":null,"type":null,"role":null,"ariaLabel":null,"testId":null,"dataLoc":"client\\src\\pages\\Home.tsx:105","href":"#leadership","text":"07 LEADERSHIP","selectorHint":"[data-loc=\"client\\src\\pages\\Home.tsx:105\"]"},"value":null}}
[2026-08-25T17:25:20.915Z] {"timestamp":1787678718965,"kind":"navigate","url":"http://localhost:3000/#leadership","viewport":{"width":1707,"height":842},"payload":{"reason":"hashchange"}}
[2026-08-25T17:25:20.915Z] {"timestamp":1787678718983,"kind":"scroll","url":"http://localhost:3000/#leadership","viewport":{"width":1707,"height":842},"payload":{"scrollX":0,"scrollY":876.4444580078125,"documentHeight":9026,"viewportHeight":842}}
[2026-08-25T17:25:20.915Z] {"timestamp":1787678719497,"kind":"scroll","url":"http://localhost:3000/#leadership","viewport":{"width":1707,"height":842},"payload":{"scrollX":0,"scrollY":5045.33349609375,"documentHeight":9026,"viewportHeight":842}}
[2026-08-25T17:25:20.915Z] {"timestamp":1787678719999,"kind":"scroll","url":"http://localhost:3000/#leadership","viewport":{"width":1707,"height":842},"payload":{"scrollX":0,"scrollY":6168.888671875,"documentHeight":9026,"viewportHeight":842}}
[2026-08-25T17:25:20.915Z] {"timestamp":1787678720704,"kind":"focusin","url":"http://localhost:3000/#leadership","viewport":{"width":1707,"height":842},"payload":{"target":{"tag":"a","id":null,"name":null,"type":null,"role":null,"ariaLabel":null,"testId":null,"dataLoc":"client\\src\\pages\\Home.tsx:105","href":"#skills","text":"09 SKILLS","selectorHint":"[data-loc=\"client\\src\\pages\\Home.tsx:105\"]"}}}
[2026-08-25T17:25:22.905Z] {"timestamp":1787678720930,"kind":"click","url":"http://localhost:3000/#leadership","viewport":{"width":1707,"height":842},"payload":{"target":{"tag":"b","id":null,"name":null,"type":null,"role":null,"ariaLabel":null,"testId":null,"dataLoc":"client\\src\\pages\\Home.tsx:110","href":null,"text":"09","selectorHint":"[data-loc=\"client\\src\\pages\\Home.tsx:110\"]"},"x":31,"y":525}}
[2026-08-25T17:25:22.905Z] {"timestamp":1787678720931,"kind":"navigate","url":"http://localhost:3000/#skills","viewport":{"width":1707,"height":842},"payload":{"reason":"popstate"}}
[2026-08-25T17:25:22.905Z] {"timestamp":1787678720949,"kind":"navigate","url":"http://localhost:3000/#skills","viewport":{"width":1707,"height":842},"payload":{"reason":"hashchange"}}
[2026-08-25T17:25:22.905Z] {"timestamp":1787678721702,"kind":"focusout","url":"http://localhost:3000/#skills","viewport":{"width":1707,"height":842},"payload":{"target":{"tag":"a","id":null,"name":null,"type":null,"role":null,"ariaLabel":null,"testId":null,"dataLoc":"client\\src\\pages\\Home.tsx:105","href":"#skills","text":"09 SKILLS","selectorHint":"[data-loc=\"client\\src\\pages\\Home.tsx:105\"]"},"value":null}}
[2026-08-25T17:25:22.905Z] {"timestamp":1787678721702,"kind":"focusin","url":"http://localhost:3000/#skills","viewport":{"width":1707,"height":842},"payload":{"target":{"tag":"a","id":null,"name":null,"type":null,"role":null,"ariaLabel":null,"testId":null,"dataLoc":"client\\src\\pages\\Home.tsx:105","href":"#certificates","text":"08 CERTIFICATES","selectorHint":"[data-loc=\"client\\src\\pages\\Home.tsx:105\"]"}}}
[2026-08-25T17:25:22.905Z] {"timestamp":1787678721919,"kind":"click","url":"http://localhost:3000/#skills","viewport":{"width":1707,"height":842},"payload":{"target":{"tag":"a","id":null,"name":null,"type":null,"role":null,"ariaLabel":null,"testId":null,"dataLoc":"client\\src\\pages\\Home.tsx:105","href":"#certificates","text":"08 CERTIFICATES","selectorHint":"[data-loc=\"client\\src\\pages\\Home.tsx:105\"]"},"x":40,"y":501}}
[2026-08-25T17:25:22.905Z] {"timestamp":1787678721920,"kind":"navigate","url":"http://localhost:3000/#certificates","viewport":{"width":1707,"height":842},"payload":{"reason":"popstate"}}
[2026-08-25T17:25:22.905Z] {"timestamp":1787678721937,"kind":"navigate","url":"http://localhost:3000/#certificates","viewport":{"width":1707,"height":842},"payload":{"reason":"hashchange"}}
[2026-08-25T17:25:22.905Z] {"timestamp":1787678722573,"kind":"focusout","url":"http://localhost:3000/#certificates","viewport":{"width":1707,"height":842},"payload":{"target":{"tag":"a","id":null,"name":null,"type":null,"role":null,"ariaLabel":null,"testId":null,"dataLoc":"client\\src\\pages\\Home.tsx:105","href":"#certificates","text":"08 CERTIFICATES","selectorHint":"[data-loc=\"client\\src\\pages\\Home.tsx:105\"]"},"value":null}}
[2026-08-25T17:25:22.905Z] {"timestamp":1787678722574,"kind":"focusin","url":"http://localhost:3000/#certificates","viewport":{"width":1707,"height":842},"payload":{"target":{"tag":"a","id":null,"name":null,"type":null,"role":null,"ariaLabel":null,"testId":null,"dataLoc":"client\\src\\pages\\Home.tsx:105","href":"#contact","text":"10 CONTACT","selectorHint":"[data-loc=\"client\\src\\pages\\Home.tsx:105\"]"}}}
[2026-08-25T17:25:22.905Z] {"timestamp":1787678722797,"kind":"click","url":"http://localhost:3000/#certificates","viewport":{"width":1707,"height":842},"payload":{"target":{"tag":"a","id":null,"name":null,"type":null,"role":null,"ariaLabel":null,"testId":null,"dataLoc":"client\\src\\pages\\Home.tsx:105","href":"#contact","text":"10 CONTACT","selectorHint":"[data-loc=\"client\\src\\pages\\Home.tsx:105\"]"},"x":37,"y":563}}
[2026-08-25T17:25:22.905Z] {"timestamp":1787678722798,"kind":"navigate","url":"http://localhost:3000/#contact","viewport":{"width":1707,"height":842},"payload":{"reason":"popstate"}}
[2026-08-25T17:25:22.905Z] {"timestamp":1787678722798,"kind":"focusout","url":"http://localhost:3000/#contact","viewport":{"width":1707,"height":842},"payload":{"target":{"tag":"a","id":null,"name":null,"type":null,"role":null,"ariaLabel":null,"testId":null,"dataLoc":"client\\src\\pages\\Home.tsx:105","href":"#contact","text":"10 CONTACT","selectorHint":"[data-loc=\"client\\src\\pages\\Home.tsx:105\"]"},"value":null}}
[2026-08-25T17:25:22.905Z] {"timestamp":1787678722822,"kind":"navigate","url":"http://localhost:3000/#contact","viewport":{"width":1707,"height":842},"payload":{"reason":"hashchange"}}
[2026-08-25T17:25:22.905Z] {"timestamp":1787678722831,"kind":"scroll","url":"http://localhost:3000/#contact","viewport":{"width":1707,"height":842},"payload":{"scrollX":0,"scrollY":6256.888671875,"documentHeight":9026,"viewportHeight":842}}
[2026-08-25T17:25:24.903Z] {"timestamp":1787678723331,"kind":"scroll","url":"http://localhost:3000/#contact","viewport":{"width":1707,"height":842},"payload":{"scrollX":0,"scrollY":8087.111328125,"documentHeight":9026,"viewportHeight":842}}
[2026-08-25T17:25:24.904Z] {"timestamp":1787678724294,"kind":"focusin","url":"http://localhost:3000/#contact","viewport":{"width":1707,"height":842},"payload":{"target":{"tag":"a","id":null,"name":null,"type":null,"role":null,"ariaLabel":null,"testId":null,"dataLoc":"client\\src\\pages\\Home.tsx:105","href":"#certificates","text":"08 CERTIFICATES","selectorHint":"[data-loc=\"client\\src\\pages\\Home.tsx:105\"]"}}}
[2026-08-25T17:25:24.904Z] {"timestamp":1787678724514,"kind":"click","url":"http://localhost:3000/#contact","viewport":{"width":1707,"height":842},"payload":{"target":{"tag":"i","id":null,"name":null,"type":null,"role":null,"ariaLabel":null,"testId":null,"dataLoc":"client\\src\\pages\\Home.tsx:111","href":null,"text":"CERTIFICATES","selectorHint":"[data-loc=\"client\\src\\pages\\Home.tsx:111\"]"},"x":45,"y":496}}
[2026-08-25T17:25:24.904Z] {"timestamp":1787678724515,"kind":"navigate","url":"http://localhost:3000/#certificates","viewport":{"width":1707,"height":842},"payload":{"reason":"popstate"}}
[2026-08-25T17:25:24.904Z] {"timestamp":1787678724533,"kind":"navigate","url":"http://localhost:3000/#certificates","viewport":{"width":1707,"height":842},"payload":{"reason":"hashchange"}}
[2026-08-25T17:25:27.690Z] {"timestamp":1787678724989,"kind":"focusout","url":"http://localhost:3000/#certificates","viewport":{"width":1707,"height":842},"payload":{"target":{"tag":"a","id":null,"name":null,"type":null,"role":null,"ariaLabel":null,"testId":null,"dataLoc":"client\\src\\pages\\Home.tsx:105","href":"#certificates","text":"08 CERTIFICATES","selectorHint":"[data-loc=\"client\\src\\pages\\Home.tsx:105\"]"},"value":null}}
[2026-08-25T17:25:27.690Z] {"timestamp":1787678724990,"kind":"focusin","url":"http://localhost:3000/#certificates","viewport":{"width":1707,"height":842},"payload":{"target":{"tag":"a","id":null,"name":null,"type":null,"role":null,"ariaLabel":null,"testId":null,"dataLoc":"client\\src\\pages\\Home.tsx:105","href":"#skills","text":"09 SKILLS","selectorHint":"[data-loc=\"client\\src\\pages\\Home.tsx:105\"]"}}}
[2026-08-25T17:25:27.690Z] {"timestamp":1787678725202,"kind":"click","url":"http://localhost:3000/#certificates","viewport":{"width":1707,"height":842},"payload":{"target":{"tag":"a","id":null,"name":null,"type":null,"role":null,"ariaLabel":null,"testId":null,"dataLoc":"client\\src\\pages\\Home.tsx:105","href":"#skills","text":"09 SKILLS","selectorHint":"[data-loc=\"client\\src\\pages\\Home.tsx:105\"]"},"x":38,"y":526}}
[2026-08-25T17:25:27.690Z] {"timestamp":1787678725202,"kind":"navigate","url":"http://localhost:3000/#skills","viewport":{"width":1707,"height":842},"payload":{"reason":"popstate"}}
[2026-08-25T17:25:27.690Z] {"timestamp":1787678725215,"kind":"navigate","url":"http://localhost:3000/#skills","viewport":{"width":1707,"height":842},"payload":{"reason":"hashchange"}}
[2026-08-25T17:25:27.690Z] {"timestamp":1787678726427,"kind":"focusout","url":"http://localhost:3000/#skills","viewport":{"width":1707,"height":842},"payload":{"target":{"tag":"a","id":null,"name":null,"type":null,"role":null,"ariaLabel":null,"testId":null,"dataLoc":"client\\src\\pages\\Home.tsx:105","href":"#skills","text":"09 SKILLS","selectorHint":"[data-loc=\"client\\src\\pages\\Home.tsx:105\"]"},"value":null}}
[2026-08-25T17:29:02.907Z] {"timestamp":1787678941831,"kind":"focusin","url":"http://localhost:3000/#skills","viewport":{"width":1707,"height":842},"payload":{"target":{"tag":"a","id":null,"name":null,"type":null,"role":null,"ariaLabel":null,"testId":null,"dataLoc":"client\\src\\pages\\Home.tsx:105","href":"#skills","text":"09 SKILLS","selectorHint":"[data-loc=\"client\\src\\pages\\Home.tsx:105\"]"}}}
[2026-08-25T17:29:04.924Z] {"timestamp":1787678943778,"kind":"focusout","url":"http://localhost:3000/#skills","viewport":{"width":1707,"height":842},"payload":{"target":{"tag":"a","id":null,"name":null,"type":null,"role":null,"ariaLabel":null,"testId":null,"dataLoc":"client\\src\\pages\\Home.tsx:105","href":"#skills","text":"09 SKILLS","selectorHint":"[data-loc=\"client\\src\\pages\\Home.tsx:105\"]"},"value":null}}
[2026-08-25T17:29:04.924Z] {"timestamp":1787678944187,"kind":"click","url":"http://localhost:3000/#skills","viewport":{"width":1707,"height":842},"payload":{"target":{"tag":"aside","id":null,"name":null,"type":null,"role":null,"ariaLabel":"Portfolio chapter index","testId":null,"dataLoc":"client\\src\\pages\\Home.tsx:101","href":null,"text":"01 ABOUT 02 EDUCATION 03 EXPERIENCE 04 PROJECTS 05 OPENSOURCE 06 TEAMWORK 07 LEA…","selectorHint":"[data-loc=\"client\\src\\pages\\Home.tsx:101\"]"},"x":24,"y":508}}
[2026-08-25T17:29:04.924Z] {"timestamp":1787678944356,"kind":"focusin","url":"http://localhost:3000/#skills","viewport":{"width":1707,"height":842},"payload":{"target":{"tag":"a","id":null,"name":null,"type":null,"role":null,"ariaLabel":null,"testId":null,"dataLoc":"client\\src\\pages\\Home.tsx:105","href":"#certificates","text":"08 CERTIFICATES","selectorHint":"[data-loc=\"client\\src\\pages\\Home.tsx:105\"]"}}}
[2026-08-25T17:29:04.924Z] {"timestamp":1787678944569,"kind":"click","url":"http://localhost:3000/#skills","viewport":{"width":1707,"height":842},"payload":{"target":{"tag":"a","id":null,"name":null,"type":null,"role":null,"ariaLabel":null,"testId":null,"dataLoc":"client\\src\\pages\\Home.tsx:105","href":"#certificates","text":"08 CERTIFICATES","selectorHint":"[data-loc=\"client\\src\\pages\\Home.tsx:105\"]"},"x":24,"y":508}}
[2026-08-25T17:29:04.924Z] {"timestamp":1787678944570,"kind":"navigate","url":"http://localhost:3000/#certificates","viewport":{"width":1707,"height":842},"payload":{"reason":"popstate"}}
[2026-08-25T17:29:04.924Z] {"timestamp":1787678944570,"kind":"focusout","url":"http://localhost:3000/#certificates","viewport":{"width":1707,"height":842},"payload":{"target":{"tag":"a","id":null,"name":null,"type":null,"role":null,"ariaLabel":null,"testId":null,"dataLoc":"client\\src\\pages\\Home.tsx:105","href":"#certificates","text":"08 CERTIFICATES","selectorHint":"[data-loc=\"client\\src\\pages\\Home.tsx:105\"]"},"value":null}}
[2026-08-25T17:29:04.924Z] {"timestamp":1787678944575,"kind":"navigate","url":"http://localhost:3000/#certificates","viewport":{"width":1707,"height":842},"payload":{"reason":"hashchange"}}
[2026-08-25T17:29:04.924Z] {"timestamp":1787678944589,"kind":"scroll","url":"http://localhost:3000/#certificates","viewport":{"width":1707,"height":842},"payload":{"scrollX":0,"scrollY":8182.22216796875,"documentHeight":9026,"viewportHeight":842}}
[2026-08-25T17:29:06.907Z] {"timestamp":1787678945089,"kind":"scroll","url":"http://localhost:3000/#certificates","viewport":{"width":1707,"height":842},"payload":{"scrollX":0,"scrollY":7025.77783203125,"documentHeight":9026,"viewportHeight":842}}
[2026-08-25T17:29:06.907Z] {"timestamp":1787678945451,"kind":"focusin","url":"http://localhost:3000/#certificates","viewport":{"width":1707,"height":842},"payload":{"target":{"tag":"a","id":null,"name":null,"type":null,"role":null,"ariaLabel":null,"testId":null,"dataLoc":"client\\src\\pages\\Home.tsx:105","href":"#leadership","text":"07 LEADERSHIP","selectorHint":"[data-loc=\"client\\src\\pages\\Home.tsx:105\"]"}}}
[2026-08-25T17:29:06.907Z] {"timestamp":1787678945668,"kind":"click","url":"http://localhost:3000/#certificates","viewport":{"width":1707,"height":842},"payload":{"target":{"tag":"b","id":null,"name":null,"type":null,"role":null,"ariaLabel":null,"testId":null,"dataLoc":"client\\src\\pages\\Home.tsx:110","href":null,"text":"07","selectorHint":"[data-loc=\"client\\src\\pages\\Home.tsx:110\"]"},"x":27,"y":469}}
[2026-08-25T17:29:06.907Z] {"timestamp":1787678945669,"kind":"navigate","url":"http://localhost:3000/#leadership","viewport":{"width":1707,"height":842},"payload":{"reason":"popstate"}}
[2026-08-25T17:29:06.907Z] {"timestamp":1787678945669,"kind":"focusout","url":"http://localhost:3000/#leadership","viewport":{"width":1707,"height":842},"payload":{"target":{"tag":"a","id":null,"name":null,"type":null,"role":null,"ariaLabel":null,"testId":null,"dataLoc":"client\\src\\pages\\Home.tsx:105","href":"#leadership","text":"07 LEADERSHIP","selectorHint":"[data-loc=\"client\\src\\pages\\Home.tsx:105\"]"},"value":null}}
[2026-08-25T17:29:06.907Z] {"timestamp":1787678945672,"kind":"navigate","url":"http://localhost:3000/#leadership","viewport":{"width":1707,"height":842},"payload":{"reason":"hashchange"}}
[2026-08-25T17:29:06.907Z] {"timestamp":1787678945690,"kind":"scroll","url":"http://localhost:3000/#leadership","viewport":{"width":1707,"height":842},"payload":{"scrollX":0,"scrollY":7014.22216796875,"documentHeight":9026,"viewportHeight":842}}
[2026-08-25T17:29:08.906Z] {"timestamp":1787678947657,"kind":"focusin","url":"http://localhost:3000/#leadership","viewport":{"width":1707,"height":842},"payload":{"target":{"tag":"a","id":null,"name":null,"type":null,"role":null,"ariaLabel":null,"testId":null,"dataLoc":"client\\src\\pages\\Home.tsx:105","href":"#skills","text":"09 SKILLS","selectorHint":"[data-loc=\"client\\src\\pages\\Home.tsx:105\"]"}}}
[2026-08-25T17:29:08.906Z] {"timestamp":1787678947872,"kind":"click","url":"http://localhost:3000/#leadership","viewport":{"width":1707,"height":842},"payload":{"target":{"tag":"b","id":null,"name":null,"type":null,"role":null,"ariaLabel":null,"testId":null,"dataLoc":"client\\src\\pages\\Home.tsx:110","href":null,"text":"09","selectorHint":"[data-loc=\"client\\src\\pages\\Home.tsx:110\"]"},"x":24,"y":527}}
[2026-08-25T17:29:08.906Z] {"timestamp":1787678947873,"kind":"navigate","url":"http://localhost:3000/#skills","viewport":{"width":1707,"height":842},"payload":{"reason":"popstate"}}
[2026-08-25T17:29:08.906Z] {"timestamp":1787678947873,"kind":"focusout","url":"http://localhost:3000/#skills","viewport":{"width":1707,"height":842},"payload":{"target":{"tag":"a","id":null,"name":null,"type":null,"role":null,"ariaLabel":null,"testId":null,"dataLoc":"client\\src\\pages\\Home.tsx:105","href":"#skills","text":"09 SKILLS","selectorHint":"[data-loc=\"client\\src\\pages\\Home.tsx:105\"]"},"value":null}}
[2026-08-25T17:29:08.906Z] {"timestamp":1787678947893,"kind":"navigate","url":"http://localhost:3000/#skills","viewport":{"width":1707,"height":842},"payload":{"reason":"hashchange"}}
[2026-08-25T17:29:08.906Z] {"timestamp":1787678947905,"kind":"scroll","url":"http://localhost:3000/#skills","viewport":{"width":1707,"height":842},"payload":{"scrollX":0,"scrollY":6256.888671875,"documentHeight":9026,"viewportHeight":842}}
[2026-08-25T17:29:08.906Z] {"timestamp":1787678948405,"kind":"scroll","url":"http://localhost:3000/#skills","viewport":{"width":1707,"height":842},"payload":{"scrollX":0,"scrollY":7813.33349609375,"documentHeight":9026,"viewportHeight":842}}
[2026-08-25T17:29:08.906Z] {"timestamp":1787678948483,"kind":"focusin","url":"http://localhost:3000/#skills","viewport":{"width":1707,"height":842},"payload":{"target":{"tag":"a","id":null,"name":null,"type":null,"role":null,"ariaLabel":null,"testId":null,"dataLoc":"client\\src\\pages\\Home.tsx:105","href":"#contact","text":"10 CONTACT","selectorHint":"[data-loc=\"client\\src\\pages\\Home.tsx:105\"]"}}}
[2026-08-25T17:29:08.906Z] {"timestamp":1787678948702,"kind":"click","url":"http://localhost:3000/#skills","viewport":{"width":1707,"height":842},"payload":{"target":{"tag":"b","id":null,"name":null,"type":null,"role":null,"ariaLabel":null,"testId":null,"dataLoc":"client\\src\\pages\\Home.tsx:110","href":null,"text":"10","selectorHint":"[data-loc=\"client\\src\\pages\\Home.tsx:110\"]"},"x":24,"y":554}}
[2026-08-25T17:29:08.906Z] {"timestamp":1787678948703,"kind":"navigate","url":"http://localhost:3000/#contact","viewport":{"width":1707,"height":842},"payload":{"reason":"popstate"}}
[2026-08-25T17:29:08.906Z] {"timestamp":1787678948703,"kind":"focusout","url":"http://localhost:3000/#contact","viewport":{"width":1707,"height":842},"payload":{"target":{"tag":"a","id":null,"name":null,"type":null,"role":null,"ariaLabel":null,"testId":null,"dataLoc":"client\\src\\pages\\Home.tsx:105","href":"#contact","text":"10 CONTACT","selectorHint":"[data-loc=\"client\\src\\pages\\Home.tsx:105\"]"},"value":null}}
[2026-08-25T17:29:08.906Z] {"timestamp":1787678948706,"kind":"navigate","url":"http://localhost:3000/#contact","viewport":{"width":1707,"height":842},"payload":{"reason":"hashchange"}}
[2026-08-25T17:29:10.948Z] {"timestamp":1787678948921,"kind":"scroll","url":"http://localhost:3000/#contact","viewport":{"width":1707,"height":842},"payload":{"scrollX":0,"scrollY":8169.77783203125,"documentHeight":9026,"viewportHeight":842}}
[2026-08-25T17:29:10.948Z] {"timestamp":1787678949909,"kind":"click","url":"http://localhost:3000/#contact","viewport":{"width":1707,"height":842},"payload":{"target":{"tag":"section","id":"skills","name":null,"type":null,"role":null,"ariaLabel":null,"testId":null,"dataLoc":"client\\src\\pages\\Home.tsx:135","href":null,"text":"09 TECHNICAL SKILLS Technical Skills A practical toolkit. Programming Python Jav…","selectorHint":"[data-loc=\"client\\src\\pages\\Home.tsx:135\"]"},"x":28,"y":268}}
[2026-08-25T17:29:10.948Z] {"timestamp":1787678950361,"kind":"focusin","url":"http://localhost:3000/#contact","viewport":{"width":1707,"height":842},"payload":{"target":{"tag":"a","id":null,"name":null,"type":null,"role":null,"ariaLabel":null,"testId":null,"dataLoc":"client\\src\\pages\\Home.tsx:105","href":"#about","text":"01 ABOUT","selectorHint":"[data-loc=\"client\\src\\pages\\Home.tsx:105\"]"}}}
[2026-08-25T17:29:10.948Z] {"timestamp":1787678950578,"kind":"click","url":"http://localhost:3000/#contact","viewport":{"width":1707,"height":842},"payload":{"target":{"tag":"b","id":null,"name":null,"type":null,"role":null,"ariaLabel":null,"testId":null,"dataLoc":"client\\src\\pages\\Home.tsx:110","href":null,"text":"01","selectorHint":"[data-loc=\"client\\src\\pages\\Home.tsx:110\"]"},"x":24,"y":276}}
[2026-08-25T17:29:10.948Z] {"timestamp":1787678950578,"kind":"navigate","url":"http://localhost:3000/#about","viewport":{"width":1707,"height":842},"payload":{"reason":"popstate"}}
[2026-08-25T17:29:10.948Z] {"timestamp":1787678950579,"kind":"focusout","url":"http://localhost:3000/#about","viewport":{"width":1707,"height":842},"payload":{"target":{"tag":"a","id":null,"name":null,"type":null,"role":null,"ariaLabel":null,"testId":null,"dataLoc":"client\\src\\pages\\Home.tsx:105","href":"#about","text":"01 ABOUT","selectorHint":"[data-loc=\"client\\src\\pages\\Home.tsx:105\"]"},"value":null}}
[2026-08-25T17:29:10.948Z] {"timestamp":1787678950607,"kind":"navigate","url":"http://localhost:3000/#about","viewport":{"width":1707,"height":842},"payload":{"reason":"hashchange"}}
[2026-08-25T17:29:10.948Z] {"timestamp":1787678950609,"kind":"scroll","url":"http://localhost:3000/#about","viewport":{"width":1707,"height":842},"payload":{"scrollX":0,"scrollY":8182.22216796875,"documentHeight":9026,"viewportHeight":842}}
[2026-08-25T17:29:12.905Z] {"timestamp":1787678951122,"kind":"scroll","url":"http://localhost:3000/#about","viewport":{"width":1707,"height":842},"payload":{"scrollX":0,"scrollY":3098.666748046875,"documentHeight":9026,"viewportHeight":842}}
[2026-08-25T17:29:12.905Z] {"timestamp":1787678951622,"kind":"scroll","url":"http://localhost:3000/#about","viewport":{"width":1707,"height":842},"payload":{"scrollX":0,"scrollY":1153.77783203125,"documentHeight":9026,"viewportHeight":842}}
[2026-08-25T17:29:12.905Z] {"timestamp":1787678952682,"kind":"focusin","url":"http://localhost:3000/#about","viewport":{"width":1707,"height":842},"payload":{"target":{"tag":"a","id":null,"name":null,"type":null,"role":null,"ariaLabel":null,"testId":null,"dataLoc":"client\\src\\pages\\Home.tsx:105","href":"#education","text":"02 EDUCATION","selectorHint":"[data-loc=\"client\\src\\pages\\Home.tsx:105\"]"}}}
[2026-08-25T17:29:14.914Z] {"timestamp":1787678952900,"kind":"click","url":"http://localhost:3000/#about","viewport":{"width":1707,"height":842},"payload":{"target":{"tag":"b","id":null,"name":null,"type":null,"role":null,"ariaLabel":null,"testId":null,"dataLoc":"client\\src\\pages\\Home.tsx:110","href":null,"text":"02","selectorHint":"[data-loc=\"client\\src\\pages\\Home.tsx:110\"]"},"x":23,"y":307}}
[2026-08-25T17:29:14.914Z] {"timestamp":1787678952901,"kind":"navigate","url":"http://localhost:3000/#education","viewport":{"width":1707,"height":842},"payload":{"reason":"popstate"}}
[2026-08-25T17:29:14.914Z] {"timestamp":1787678952905,"kind":"navigate","url":"http://localhost:3000/#education","viewport":{"width":1707,"height":842},"payload":{"reason":"hashchange"}}
[2026-08-25T17:29:14.914Z] {"timestamp":1787678954650,"kind":"click","url":"http://localhost:3000/#education","viewport":{"width":1707,"height":842},"payload":{"target":{"tag":"b","id":null,"name":null,"type":null,"role":null,"ariaLabel":null,"testId":null,"dataLoc":"client\\src\\pages\\Home.tsx:110","href":null,"text":"02","selectorHint":"[data-loc=\"client\\src\\pages\\Home.tsx:110\"]"},"x":28,"y":315}}
[2026-08-25T17:29:14.914Z] {"timestamp":1787678954650,"kind":"navigate","url":"http://localhost:3000/#education","viewport":{"width":1707,"height":842},"payload":{"reason":"popstate"}}
[2026-08-25T17:29:16.911Z] {"timestamp":1787678955069,"kind":"click","url":"http://localhost:3000/#education","viewport":{"width":1707,"height":842},"payload":{"target":{"tag":"b","id":null,"name":null,"type":null,"role":null,"ariaLabel":null,"testId":null,"dataLoc":"client\\src\\pages\\Home.tsx:110","href":null,"text":"02","selectorHint":"[data-loc=\"client\\src\\pages\\Home.tsx:110\"]"},"x":28,"y":315}}
[2026-08-25T17:29:16.911Z] {"timestamp":1787678955069,"kind":"navigate","url":"http://localhost:3000/#education","viewport":{"width":1707,"height":842},"payload":{"reason":"popstate"}}
[2026-08-25T17:29:16.911Z] {"timestamp":1787678955780,"kind":"focusout","url":"http://localhost:3000/#education","viewport":{"width":1707,"height":842},"payload":{"target":{"tag":"a","id":null,"name":null,"type":null,"role":null,"ariaLabel":null,"testId":null,"dataLoc":"client\\src\\pages\\Home.tsx:105","href":"#education","text":"02 EDUCATION","selectorHint":"[data-loc=\"client\\src\\pages\\Home.tsx:105\"]"},"value":null}}
[2026-08-25T17:29:16.911Z] {"timestamp":1787678955781,"kind":"focusin","url":"http://localhost:3000/#education","viewport":{"width":1707,"height":842},"payload":{"target":{"tag":"a","id":null,"name":null,"type":null,"role":null,"ariaLabel":null,"testId":null,"dataLoc":"client\\src\\pages\\Home.tsx:105","href":"#experience","text":"03 EXPERIENCE","selectorHint":"[data-loc=\"client\\src\\pages\\Home.tsx:105\"]"}}}
[2026-08-25T17:29:16.911Z] {"timestamp":1787678955994,"kind":"click","url":"http://localhost:3000/#education","viewport":{"width":1707,"height":842},"payload":{"target":{"tag":"a","id":null,"name":null,"type":null,"role":null,"ariaLabel":null,"testId":null,"dataLoc":"client\\src\\pages\\Home.tsx:105","href":"#experience","text":"03 EXPERIENCE","selectorHint":"[data-loc=\"client\\src\\pages\\Home.tsx:105\"]"},"x":27,"y":333}}
[2026-08-25T17:29:16.911Z] {"timestamp":1787678955995,"kind":"navigate","url":"http://localhost:3000/#experience","viewport":{"width":1707,"height":842},"payload":{"reason":"popstate"}}
[2026-08-25T17:29:16.911Z] {"timestamp":1787678956007,"kind":"navigate","url":"http://localhost:3000/#experience","viewport":{"width":1707,"height":842},"payload":{"reason":"hashchange"}}
[2026-08-25T17:29:16.911Z] {"timestamp":1787678956711,"kind":"focusout","url":"http://localhost:3000/#experience","viewport":{"width":1707,"height":842},"payload":{"target":{"tag":"a","id":null,"name":null,"type":null,"role":null,"ariaLabel":null,"testId":null,"dataLoc":"client\\src\\pages\\Home.tsx:105","href":"#experience","text":"03 EXPERIENCE","selectorHint":"[data-loc=\"client\\src\\pages\\Home.tsx:105\"]"},"value":null}}
[2026-08-25T17:29:16.911Z] {"timestamp":1787678956712,"kind":"focusin","url":"http://localhost:3000/#experience","viewport":{"width":1707,"height":842},"payload":{"target":{"tag":"a","id":null,"name":null,"type":null,"role":null,"ariaLabel":null,"testId":null,"dataLoc":"client\\src\\pages\\Home.tsx:105","href":"#projects","text":"04 PROJECTS","selectorHint":"[data-loc=\"client\\src\\pages\\Home.tsx:105\"]"}}}
[2026-08-25T17:29:18.900Z] {"timestamp":1787678956928,"kind":"click","url":"http://localhost:3000/#experience","viewport":{"width":1707,"height":842},"payload":{"target":{"tag":"a","id":null,"name":null,"type":null,"role":null,"ariaLabel":null,"testId":null,"dataLoc":"client\\src\\pages\\Home.tsx:105","href":"#projects","text":"04 PROJECTS","selectorHint":"[data-loc=\"client\\src\\pages\\Home.tsx:105\"]"},"x":24,"y":364}}
[2026-08-25T17:29:18.900Z] {"timestamp":1787678956929,"kind":"navigate","url":"http://localhost:3000/#projects","viewport":{"width":1707,"height":842},"payload":{"reason":"popstate"}}
[2026-08-25T17:29:18.900Z] {"timestamp":1787678956929,"kind":"focusout","url":"http://localhost:3000/#projects","viewport":{"width":1707,"height":842},"payload":{"target":{"tag":"a","id":null,"name":null,"type":null,"role":null,"ariaLabel":null,"testId":null,"dataLoc":"client\\src\\pages\\Home.tsx:105","href":"#projects","text":"04 PROJECTS","selectorHint":"[data-loc=\"client\\src\\pages\\Home.tsx:105\"]"},"value":null}}
[2026-08-25T17:29:18.900Z] {"timestamp":1787678956939,"kind":"navigate","url":"http://localhost:3000/#projects","viewport":{"width":1707,"height":842},"payload":{"reason":"hashchange"}}
[2026-08-25T17:29:18.900Z] {"timestamp":1787678956954,"kind":"scroll","url":"http://localhost:3000/#projects","viewport":{"width":1707,"height":842},"payload":{"scrollX":0,"scrollY":843.5555419921875,"documentHeight":9026,"viewportHeight":842}}
[2026-08-25T17:29:18.900Z] {"timestamp":1787678957460,"kind":"scroll","url":"http://localhost:3000/#projects","viewport":{"width":1707,"height":842},"payload":{"scrollX":0,"scrollY":3269.333251953125,"documentHeight":9026,"viewportHeight":842}}
[2026-08-25T17:29:18.900Z] {"timestamp":1787678957908,"kind":"focusin","url":"http://localhost:3000/#projects","viewport":{"width":1707,"height":842},"payload":{"target":{"tag":"a","id":null,"name":null,"type":null,"role":null,"ariaLabel":null,"testId":null,"dataLoc":"client\\src\\pages\\Home.tsx:105","href":"#opensource","text":"05 OPENSOURCE","selectorHint":"[data-loc=\"client\\src\\pages\\Home.tsx:105\"]"}}}
[2026-08-25T17:29:18.900Z] {"timestamp":1787678958119,"kind":"click","url":"http://localhost:3000/#projects","viewport":{"width":1707,"height":842},"payload":{"target":{"tag":"b","id":null,"name":null,"type":null,"role":null,"ariaLabel":null,"testId":null,"dataLoc":"client\\src\\pages\\Home.tsx:110","href":null,"text":"05","selectorHint":"[data-loc=\"client\\src\\pages\\Home.tsx:110\"]"},"x":23,"y":404}}
[2026-08-25T17:29:18.900Z] {"timestamp":1787678958120,"kind":"navigate","url":"http://localhost:3000/#opensource","viewport":{"width":1707,"height":842},"payload":{"reason":"popstate"}}
[2026-08-25T17:29:18.900Z] {"timestamp":1787678958123,"kind":"navigate","url":"http://localhost:3000/#opensource","viewport":{"width":1707,"height":842},"payload":{"reason":"hashchange"}}
[2026-08-25T17:29:20.902Z] {"timestamp":1787678959350,"kind":"focusout","url":"http://localhost:3000/#opensource","viewport":{"width":1707,"height":842},"payload":{"target":{"tag":"a","id":null,"name":null,"type":null,"role":null,"ariaLabel":null,"testId":null,"dataLoc":"client\\src\\pages\\Home.tsx:105","href":"#opensource","text":"05 OPENSOURCE","selectorHint":"[data-loc=\"client\\src\\pages\\Home.tsx:105\"]"},"value":null}}
[2026-08-25T17:29:20.902Z] {"timestamp":1787678959351,"kind":"focusin","url":"http://localhost:3000/#opensource","viewport":{"width":1707,"height":842},"payload":{"target":{"tag":"a","id":null,"name":null,"type":null,"role":null,"ariaLabel":null,"testId":null,"dataLoc":"client\\src\\pages\\Home.tsx:105","href":"#teamwork","text":"06 TEAMWORK","selectorHint":"[data-loc=\"client\\src\\pages\\Home.tsx:105\"]"}}}
[2026-08-25T17:29:20.902Z] {"timestamp":1787678959572,"kind":"click","url":"http://localhost:3000/#opensource","viewport":{"width":1707,"height":842},"payload":{"target":{"tag":"b","id":null,"name":null,"type":null,"role":null,"ariaLabel":null,"testId":null,"dataLoc":"client\\src\\pages\\Home.tsx:110","href":null,"text":"06","selectorHint":"[data-loc=\"client\\src\\pages\\Home.tsx:110\"]"},"x":21,"y":433}}
[2026-08-25T17:29:20.902Z] {"timestamp":1787678959573,"kind":"navigate","url":"http://localhost:3000/#teamwork","viewport":{"width":1707,"height":842},"payload":{"reason":"popstate"}}
[2026-08-25T17:29:20.902Z] {"timestamp":1787678959573,"kind":"focusout","url":"http://localhost:3000/#teamwork","viewport":{"width":1707,"height":842},"payload":{"target":{"tag":"a","id":null,"name":null,"type":null,"role":null,"ariaLabel":null,"testId":null,"dataLoc":"client\\src\\pages\\Home.tsx:105","href":"#teamwork","text":"06 TEAMWORK","selectorHint":"[data-loc=\"client\\src\\pages\\Home.tsx:105\"]"},"value":null}}
[2026-08-25T17:29:20.902Z] {"timestamp":1787678959589,"kind":"navigate","url":"http://localhost:3000/#teamwork","viewport":{"width":1707,"height":842},"payload":{"reason":"hashchange"}}
[2026-08-25T17:29:20.902Z] {"timestamp":1787678959608,"kind":"scroll","url":"http://localhost:3000/#teamwork","viewport":{"width":1707,"height":842},"payload":{"scrollX":0,"scrollY":3527.111083984375,"documentHeight":9026,"viewportHeight":842}}
[2026-08-25T17:29:20.902Z] {"timestamp":1787678960122,"kind":"scroll","url":"http://localhost:3000/#teamwork","viewport":{"width":1707,"height":842},"payload":{"scrollX":0,"scrollY":5439.111328125,"documentHeight":9026,"viewportHeight":842}}
[2026-08-25T17:29:20.902Z] {"timestamp":1787678960648,"kind":"focusin","url":"http://localhost:3000/#teamwork","viewport":{"width":1707,"height":842},"payload":{"target":{"tag":"a","id":null,"name":null,"type":null,"role":null,"ariaLabel":null,"testId":null,"dataLoc":"client\\src\\pages\\Home.tsx:105","href":"#teamwork","text":"06 TEAMWORK","selectorHint":"[data-loc=\"client\\src\\pages\\Home.tsx:105\"]"}}}
[2026-08-25T17:29:20.902Z] {"timestamp":1787678960868,"kind":"click","url":"http://localhost:3000/#teamwork","viewport":{"width":1707,"height":842},"payload":{"target":{"tag":"a","id":null,"name":null,"type":null,"role":null,"ariaLabel":null,"testId":null,"dataLoc":"client\\src\\pages\\Home.tsx:105","href":"#teamwork","text":"06 TEAMWORK","selectorHint":"[data-loc=\"client\\src\\pages\\Home.tsx:105\"]"},"x":21,"y":446}}
[2026-08-25T17:29:20.902Z] {"timestamp":1787678960868,"kind":"navigate","url":"http://localhost:3000/#teamwork","viewport":{"width":1707,"height":842},"payload":{"reason":"popstate"}}
[2026-08-25T17:29:20.902Z] {"timestamp":1787678960869,"kind":"focusout","url":"http://localhost:3000/#teamwork","viewport":{"width":1707,"height":842},"payload":{"target":{"tag":"a","id":null,"name":null,"type":null,"role":null,"ariaLabel":null,"testId":null,"dataLoc":"client\\src\\pages\\Home.tsx:105","href":"#teamwork","text":"06 TEAMWORK","selectorHint":"[data-loc=\"client\\src\\pages\\Home.tsx:105\"]"},"value":null}}
[2026-08-25T17:29:22.910Z] {"timestamp":1787678961573,"kind":"focusin","url":"http://localhost:3000/#teamwork","viewport":{"width":1707,"height":842},"payload":{"target":{"tag":"a","id":null,"name":null,"type":null,"role":null,"ariaLabel":null,"testId":null,"dataLoc":"client\\src\\pages\\Home.tsx:105","href":"#leadership","text":"07 LEADERSHIP","selectorHint":"[data-loc=\"client\\src\\pages\\Home.tsx:105\"]"}}}
[2026-08-25T17:29:22.910Z] {"timestamp":1787678961794,"kind":"click","url":"http://localhost:3000/#teamwork","viewport":{"width":1707,"height":842},"payload":{"target":{"tag":"aside","id":null,"name":null,"type":null,"role":null,"ariaLabel":"Portfolio chapter index","testId":null,"dataLoc":"client\\src\\pages\\Home.tsx:101","href":null,"text":"01 ABOUT 02 EDUCATION 03 EXPERIENCE 04 PROJECTS 05 OPENSOURCE 06 TEAMWORK 07 LEA…","selectorHint":"[data-loc=\"client\\src\\pages\\Home.tsx:101\"]"},"x":18,"y":464}}
[2026-08-25T17:29:22.910Z] {"timestamp":1787678962773,"kind":"click","url":"http://localhost:3000/#teamwork","viewport":{"width":1707,"height":842},"payload":{"target":{"tag":"b","id":null,"name":null,"type":null,"role":null,"ariaLabel":null,"testId":null,"dataLoc":"client\\src\\pages\\Home.tsx:110","href":null,"text":"07","selectorHint":"[data-loc=\"client\\src\\pages\\Home.tsx:110\"]"},"x":21,"y":465}}
[2026-08-25T17:29:22.910Z] {"timestamp":1787678962775,"kind":"navigate","url":"http://localhost:3000/#leadership","viewport":{"width":1707,"height":842},"payload":{"reason":"popstate"}}
[2026-08-25T17:29:22.910Z] {"timestamp":1787678962775,"kind":"focusout","url":"http://localhost:3000/#leadership","viewport":{"width":1707,"height":842},"payload":{"target":{"tag":"a","id":null,"name":null,"type":null,"role":null,"ariaLabel":null,"testId":null,"dataLoc":"client\\src\\pages\\Home.tsx:105","href":"#leadership","text":"07 LEADERSHIP","selectorHint":"[data-loc=\"client\\src\\pages\\Home.tsx:105\"]"},"value":null}}
[2026-08-25T17:29:22.910Z] {"timestamp":1787678962791,"kind":"navigate","url":"http://localhost:3000/#leadership","viewport":{"width":1707,"height":842},"payload":{"reason":"hashchange"}}
[2026-08-25T17:29:22.910Z] {"timestamp":1787678962805,"kind":"scroll","url":"http://localhost:3000/#leadership","viewport":{"width":1707,"height":842},"payload":{"scrollX":0,"scrollY":5536,"documentHeight":9026,"viewportHeight":842}}
[2026-08-25T17:29:24.926Z] {"timestamp":1787678963628,"kind":"focusin","url":"http://localhost:3000/#leadership","viewport":{"width":1707,"height":842},"payload":{"target":{"tag":"a","id":null,"name":null,"type":null,"role":null,"ariaLabel":null,"testId":null,"dataLoc":"client\\src\\pages\\Home.tsx:105","href":"#certificates","text":"08 CERTIFICATES","selectorHint":"[data-loc=\"client\\src\\pages\\Home.tsx:105\"]"}}}
[2026-08-25T17:29:24.926Z] {"timestamp":1787678963848,"kind":"click","url":"http://localhost:3000/#leadership","viewport":{"width":1707,"height":842},"payload":{"target":{"tag":"b","id":null,"name":null,"type":null,"role":null,"ariaLabel":null,"testId":null,"dataLoc":"client\\src\\pages\\Home.tsx:110","href":null,"text":"08","selectorHint":"[data-loc=\"client\\src\\pages\\Home.tsx:110\"]"},"x":27,"y":496}}
[2026-08-25T17:29:24.926Z] {"timestamp":1787678963848,"kind":"navigate","url":"http://localhost:3000/#certificates","viewport":{"width":1707,"height":842},"payload":{"reason":"popstate"}}
[2026-08-25T17:29:24.926Z] {"timestamp":1787678963849,"kind":"focusout","url":"http://localhost:3000/#certificates","viewport":{"width":1707,"height":842},"payload":{"target":{"tag":"a","id":null,"name":null,"type":null,"role":null,"ariaLabel":null,"testId":null,"dataLoc":"client\\src\\pages\\Home.tsx:105","href":"#certificates","text":"08 CERTIFICATES","selectorHint":"[data-loc=\"client\\src\\pages\\Home.tsx:105\"]"},"value":null}}
[2026-08-25T17:29:24.926Z] {"timestamp":1787678963856,"kind":"navigate","url":"http://localhost:3000/#certificates","viewport":{"width":1707,"height":842},"payload":{"reason":"hashchange"}}
[2026-08-25T17:29:24.926Z] {"timestamp":1787678963872,"kind":"scroll","url":"http://localhost:3000/#certificates","viewport":{"width":1707,"height":842},"payload":{"scrollX":0,"scrollY":6256.888671875,"documentHeight":9026,"viewportHeight":842}}
[2026-08-25T17:29:24.926Z] {"timestamp":1787678964607,"kind":"focusin","url":"http://localhost:3000/#certificates","viewport":{"width":1707,"height":842},"payload":{"target":{"tag":"a","id":null,"name":null,"type":null,"role":null,"ariaLabel":null,"testId":null,"dataLoc":"client\\src\\pages\\Home.tsx:105","href":"#skills","text":"09 SKILLS","selectorHint":"[data-loc=\"client\\src\\pages\\Home.tsx:105\"]"}}}
[2026-08-25T17:29:24.926Z] {"timestamp":1787678964837,"kind":"click","url":"http://localhost:3000/#certificates","viewport":{"width":1707,"height":842},"payload":{"target":{"tag":"b","id":null,"name":null,"type":null,"role":null,"ariaLabel":null,"testId":null,"dataLoc":"client\\src\\pages\\Home.tsx:110","href":null,"text":"09","selectorHint":"[data-loc=\"client\\src\\pages\\Home.tsx:110\"]"},"x":30,"y":533}}
[2026-08-25T17:29:24.926Z] {"timestamp":1787678964838,"kind":"navigate","url":"http://localhost:3000/#skills","viewport":{"width":1707,"height":842},"payload":{"reason":"popstate"}}
[2026-08-25T17:29:24.926Z] {"timestamp":1787678964838,"kind":"focusout","url":"http://localhost:3000/#skills","viewport":{"width":1707,"height":842},"payload":{"target":{"tag":"a","id":null,"name":null,"type":null,"role":null,"ariaLabel":null,"testId":null,"dataLoc":"client\\src\\pages\\Home.tsx:105","href":"#skills","text":"09 SKILLS","selectorHint":"[data-loc=\"client\\src\\pages\\Home.tsx:105\"]"},"value":null}}
[2026-08-25T17:29:24.926Z] {"timestamp":1787678964841,"kind":"navigate","url":"http://localhost:3000/#skills","viewport":{"width":1707,"height":842},"payload":{"reason":"hashchange"}}
[2026-08-25T17:29:24.926Z] {"timestamp":1787678964854,"kind":"scroll","url":"http://localhost:3000/#skills","viewport":{"width":1707,"height":842},"payload":{"scrollX":0,"scrollY":7018.66650390625,"documentHeight":9026,"viewportHeight":842}}
[2026-08-25T17:29:27.693Z] {"timestamp":1787678965608,"kind":"focusin","url":"http://localhost:3000/#skills","viewport":{"width":1707,"height":842},"payload":{"target":{"tag":"a","id":null,"name":null,"type":null,"role":null,"ariaLabel":null,"testId":null,"dataLoc":"client\\src\\pages\\Home.tsx:105","href":"#contact","text":"10 CONTACT","selectorHint":"[data-loc=\"client\\src\\pages\\Home.tsx:105\"]"}}}
[2026-08-25T17:29:27.693Z] {"timestamp":1787678965829,"kind":"click","url":"http://localhost:3000/#skills","viewport":{"width":1707,"height":842},"payload":{"target":{"tag":"a","id":null,"name":null,"type":null,"role":null,"ariaLabel":null,"testId":null,"dataLoc":"client\\src\\pages\\Home.tsx:105","href":"#contact","text":"10 CONTACT","selectorHint":"[data-loc=\"client\\src\\pages\\Home.tsx:105\"]"},"x":24,"y":568}}
[2026-08-25T17:29:27.693Z] {"timestamp":1787678965830,"kind":"navigate","url":"http://localhost:3000/#contact","viewport":{"width":1707,"height":842},"payload":{"reason":"popstate"}}
[2026-08-25T17:29:27.693Z] {"timestamp":1787678965830,"kind":"focusout","url":"http://localhost:3000/#contact","viewport":{"width":1707,"height":842},"payload":{"target":{"tag":"a","id":null,"name":null,"type":null,"role":null,"ariaLabel":null,"testId":null,"dataLoc":"client\\src\\pages\\Home.tsx:105","href":"#contact","text":"10 CONTACT","selectorHint":"[data-loc=\"client\\src\\pages\\Home.tsx:105\"]"},"value":null}}
[2026-08-25T17:29:27.693Z] {"timestamp":1787678965838,"kind":"navigate","url":"http://localhost:3000/#contact","viewport":{"width":1707,"height":842},"payload":{"reason":"hashchange"}}
[2026-08-25T17:29:27.693Z] {"timestamp":1787678965856,"kind":"scroll","url":"http://localhost:3000/#contact","viewport":{"width":1707,"height":842},"payload":{"scrollX":0,"scrollY":7866.66650390625,"documentHeight":9026,"viewportHeight":842}}
[2026-08-25T17:31:46.811Z] {"timestamp":1787679105019,"kind":"scroll","url":"http://localhost:3000/#contact","viewport":{"width":1707,"height":842},"payload":{"scrollX":0,"scrollY":8184,"documentHeight":9026,"viewportHeight":842}}
[2026-08-25T17:31:46.811Z] {"timestamp":1787679106059,"kind":"focusin","url":"http://localhost:3000/#contact","viewport":{"width":1707,"height":842},"payload":{"target":{"tag":"a","id":null,"name":null,"type":null,"role":null,"ariaLabel":null,"testId":null,"dataLoc":"client\\src\\pages\\Home.tsx:105","href":"#about","text":"01 ABOUT","selectorHint":"[data-loc=\"client\\src\\pages\\Home.tsx:105\"]"}}}
[2026-08-25T17:31:46.811Z] {"timestamp":1787679106270,"kind":"click","url":"http://localhost:3000/#contact","viewport":{"width":1707,"height":842},"payload":{"target":{"tag":"b","id":null,"name":null,"type":null,"role":null,"ariaLabel":null,"testId":null,"dataLoc":"client\\src\\pages\\Home.tsx:110","href":null,"text":"01","selectorHint":"[data-loc=\"client\\src\\pages\\Home.tsx:110\"]"},"x":24,"y":277}}
[2026-08-25T17:31:46.811Z] {"timestamp":1787679106272,"kind":"navigate","url":"http://localhost:3000/#about","viewport":{"width":1707,"height":842},"payload":{"reason":"popstate"}}
[2026-08-25T17:31:46.811Z] {"timestamp":1787679106272,"kind":"focusout","url":"http://localhost:3000/#about","viewport":{"width":1707,"height":842},"payload":{"target":{"tag":"a","id":null,"name":null,"type":null,"role":null,"ariaLabel":null,"testId":null,"dataLoc":"client\\src\\pages\\Home.tsx:105","href":"#about","text":"01 ABOUT","selectorHint":"[data-loc=\"client\\src\\pages\\Home.tsx:105\"]"},"value":null}}
[2026-08-25T17:31:46.811Z] {"timestamp":1787679106284,"kind":"navigate","url":"http://localhost:3000/#about","viewport":{"width":1707,"height":842},"payload":{"reason":"hashchange"}}
[2026-08-25T17:31:46.812Z] {"timestamp":1787679106299,"kind":"scroll","url":"http://localhost:3000/#about","viewport":{"width":1707,"height":842},"payload":{"scrollX":0,"scrollY":8182.22216796875,"documentHeight":9026,"viewportHeight":842}}
[2026-08-25T17:31:46.812Z] {"timestamp":1787679106802,"kind":"scroll","url":"http://localhost:3000/#about","viewport":{"width":1707,"height":842},"payload":{"scrollX":0,"scrollY":3247.111083984375,"documentHeight":9026,"viewportHeight":842}}
[2026-08-25T17:31:48.803Z] {"timestamp":1787679107318,"kind":"scroll","url":"http://localhost:3000/#about","viewport":{"width":1707,"height":842},"payload":{"scrollX":0,"scrollY":1153.77783203125,"documentHeight":9026,"viewportHeight":842}}
[2026-08-25T17:31:48.803Z] {"timestamp":1787679108187,"kind":"focusin","url":"http://localhost:3000/#about","viewport":{"width":1707,"height":842},"payload":{"target":{"tag":"a","id":null,"name":null,"type":null,"role":null,"ariaLabel":null,"testId":null,"dataLoc":"client\\src\\pages\\Home.tsx:105","href":"#education","text":"02 EDUCATION","selectorHint":"[data-loc=\"client\\src\\pages\\Home.tsx:105\"]"}}}
[2026-08-25T17:31:48.803Z] {"timestamp":1787679108408,"kind":"click","url":"http://localhost:3000/#about","viewport":{"width":1707,"height":842},"payload":{"target":{"tag":"b","id":null,"name":null,"type":null,"role":null,"ariaLabel":null,"testId":null,"dataLoc":"client\\src\\pages\\Home.tsx:110","href":null,"text":"02","selectorHint":"[data-loc=\"client\\src\\pages\\Home.tsx:110\"]"},"x":26,"y":306}}
[2026-08-25T17:31:48.803Z] {"timestamp":1787679108409,"kind":"navigate","url":"http://localhost:3000/#education","viewport":{"width":1707,"height":842},"payload":{"reason":"popstate"}}
[2026-08-25T17:31:48.803Z] {"timestamp":1787679108409,"kind":"focusout","url":"http://localhost:3000/#education","viewport":{"width":1707,"height":842},"payload":{"target":{"tag":"a","id":null,"name":null,"type":null,"role":null,"ariaLabel":null,"testId":null,"dataLoc":"client\\src\\pages\\Home.tsx:105","href":"#education","text":"02 EDUCATION","selectorHint":"[data-loc=\"client\\src\\pages\\Home.tsx:105\"]"},"value":null}}
[2026-08-25T17:31:48.803Z] {"timestamp":1787679108416,"kind":"navigate","url":"http://localhost:3000/#education","viewport":{"width":1707,"height":842},"payload":{"reason":"hashchange"}}
[2026-08-25T17:31:48.803Z] {"timestamp":1787679108431,"kind":"scroll","url":"http://localhost:3000/#education","viewport":{"width":1707,"height":842},"payload":{"scrollX":0,"scrollY":843.5555419921875,"documentHeight":9026,"viewportHeight":842}}
[2026-08-25T17:31:50.804Z] {"timestamp":1787679109748,"kind":"focusin","url":"http://localhost:3000/#education","viewport":{"width":1707,"height":842},"payload":{"target":{"tag":"a","id":null,"name":null,"type":null,"role":null,"ariaLabel":null,"testId":null,"dataLoc":"client\\src\\pages\\Home.tsx:105","href":"#experience","text":"03 EXPERIENCE","selectorHint":"[data-loc=\"client\\src\\pages\\Home.tsx:105\"]"}}}
[2026-08-25T17:31:50.804Z] {"timestamp":1787679109971,"kind":"click","url":"http://localhost:3000/#education","viewport":{"width":1707,"height":842},"payload":{"target":{"tag":"b","id":null,"name":null,"type":null,"role":null,"ariaLabel":null,"testId":null,"dataLoc":"client\\src\\pages\\Home.tsx:110","href":null,"text":"03","selectorHint":"[data-loc=\"client\\src\\pages\\Home.tsx:110\"]"},"x":24,"y":339}}
[2026-08-25T17:31:50.804Z] {"timestamp":1787679109976,"kind":"navigate","url":"http://localhost:3000/#experience","viewport":{"width":1707,"height":842},"payload":{"reason":"popstate"}}
[2026-08-25T17:31:50.804Z] {"timestamp":1787679109977,"kind":"focusout","url":"http://localhost:3000/#experience","viewport":{"width":1707,"height":842},"payload":{"target":{"tag":"a","id":null,"name":null,"type":null,"role":null,"ariaLabel":null,"testId":null,"dataLoc":"client\\src\\pages\\Home.tsx:105","href":"#experience","text":"03 EXPERIENCE","selectorHint":"[data-loc=\"client\\src\\pages\\Home.tsx:105\"]"},"value":null}}
[2026-08-25T17:31:50.804Z] {"timestamp":1787679109988,"kind":"navigate","url":"http://localhost:3000/#experience","viewport":{"width":1707,"height":842},"payload":{"reason":"hashchange"}}
[2026-08-25T17:31:50.804Z] {"timestamp":1787679110003,"kind":"scroll","url":"http://localhost:3000/#experience","viewport":{"width":1707,"height":842},"payload":{"scrollX":0,"scrollY":1508.4444580078125,"documentHeight":9026,"viewportHeight":842}}
[2026-08-25T17:31:50.804Z] {"timestamp":1787679110718,"kind":"focusin","url":"http://localhost:3000/#experience","viewport":{"width":1707,"height":842},"payload":{"target":{"tag":"a","id":null,"name":null,"type":null,"role":null,"ariaLabel":null,"testId":null,"dataLoc":"client\\src\\pages\\Home.tsx:105","href":"#projects","text":"04 PROJECTS","selectorHint":"[data-loc=\"client\\src\\pages\\Home.tsx:105\"]"}}}
[2026-08-25T17:31:52.811Z] {"timestamp":1787679110929,"kind":"click","url":"http://localhost:3000/#experience","viewport":{"width":1707,"height":842},"payload":{"target":{"tag":"b","id":null,"name":null,"type":null,"role":null,"ariaLabel":null,"testId":null,"dataLoc":"client\\src\\pages\\Home.tsx:110","href":null,"text":"04","selectorHint":"[data-loc=\"client\\src\\pages\\Home.tsx:110\"]"},"x":24,"y":380}}
[2026-08-25T17:31:52.811Z] {"timestamp":1787679110930,"kind":"navigate","url":"http://localhost:3000/#projects","viewport":{"width":1707,"height":842},"payload":{"reason":"popstate"}}
[2026-08-25T17:31:52.811Z] {"timestamp":1787679110930,"kind":"focusout","url":"http://localhost:3000/#projects","viewport":{"width":1707,"height":842},"payload":{"target":{"tag":"a","id":null,"name":null,"type":null,"role":null,"ariaLabel":null,"testId":null,"dataLoc":"client\\src\\pages\\Home.tsx:105","href":"#projects","text":"04 PROJECTS","selectorHint":"[data-loc=\"client\\src\\pages\\Home.tsx:105\"]"},"value":null}}
[2026-08-25T17:31:52.811Z] {"timestamp":1787679110935,"kind":"navigate","url":"http://localhost:3000/#projects","viewport":{"width":1707,"height":842},"payload":{"reason":"hashchange"}}
[2026-08-25T17:31:52.811Z] {"timestamp":1787679110950,"kind":"scroll","url":"http://localhost:3000/#projects","viewport":{"width":1707,"height":842},"payload":{"scrollX":0,"scrollY":2093.333251953125,"documentHeight":9026,"viewportHeight":842}}
[2026-08-25T17:31:52.811Z] {"timestamp":1787679111457,"kind":"scroll","url":"http://localhost:3000/#projects","viewport":{"width":1707,"height":842},"payload":{"scrollX":0,"scrollY":3495.111083984375,"documentHeight":9026,"viewportHeight":842}}
[2026-08-25T17:31:52.811Z] {"timestamp":1787679111679,"kind":"focusin","url":"http://localhost:3000/#projects","viewport":{"width":1707,"height":842},"payload":{"target":{"tag":"a","id":null,"name":null,"type":null,"role":null,"ariaLabel":null,"testId":null,"dataLoc":"client\\src\\pages\\Home.tsx:105","href":"#opensource","text":"05 OPENSOURCE","selectorHint":"[data-loc=\"client\\src\\pages\\Home.tsx:105\"]"}}}
[2026-08-25T17:31:52.811Z] {"timestamp":1787679111899,"kind":"click","url":"http://localhost:3000/#projects","viewport":{"width":1707,"height":842},"payload":{"target":{"tag":"b","id":null,"name":null,"type":null,"role":null,"ariaLabel":null,"testId":null,"dataLoc":"client\\src\\pages\\Home.tsx:110","href":null,"text":"05","selectorHint":"[data-loc=\"client\\src\\pages\\Home.tsx:110\"]"},"x":26,"y":412}}
[2026-08-25T17:31:52.811Z] {"timestamp":1787679111900,"kind":"navigate","url":"http://localhost:3000/#opensource","viewport":{"width":1707,"height":842},"payload":{"reason":"popstate"}}
[2026-08-25T17:31:52.811Z] {"timestamp":1787679111900,"kind":"focusout","url":"http://localhost:3000/#opensource","viewport":{"width":1707,"height":842},"payload":{"target":{"tag":"a","id":null,"name":null,"type":null,"role":null,"ariaLabel":null,"testId":null,"dataLoc":"client\\src\\pages\\Home.tsx:105","href":"#opensource","text":"05 OPENSOURCE","selectorHint":"[data-loc=\"client\\src\\pages\\Home.tsx:105\"]"},"value":null}}
[2026-08-25T17:31:52.811Z] {"timestamp":1787679111917,"kind":"navigate","url":"http://localhost:3000/#opensource","viewport":{"width":1707,"height":842},"payload":{"reason":"hashchange"}}
[2026-08-25T17:31:52.811Z] {"timestamp":1787679111966,"kind":"scroll","url":"http://localhost:3000/#opensource","viewport":{"width":1707,"height":842},"payload":{"scrollX":0,"scrollY":3547.5556640625,"documentHeight":9026,"viewportHeight":842}}
[2026-08-25T17:31:52.811Z] {"timestamp":1787679112482,"kind":"scroll","url":"http://localhost:3000/#opensource","viewport":{"width":1707,"height":842},"payload":{"scrollX":0,"scrollY":4815.111328125,"documentHeight":9026,"viewportHeight":842}}
[2026-08-25T17:31:54.811Z] {"timestamp":1787679113840,"kind":"focusin","url":"http://localhost:3000/#opensource","viewport":{"width":1707,"height":842},"payload":{"target":{"tag":"a","id":null,"name":null,"type":null,"role":null,"ariaLabel":null,"testId":null,"dataLoc":"client\\src\\pages\\Home.tsx:105","href":"#teamwork","text":"06 TEAMWORK","selectorHint":"[data-loc=\"client\\src\\pages\\Home.tsx:105\"]"}}}
[2026-08-25T17:31:54.811Z] {"timestamp":1787679114062,"kind":"click","url":"http://localhost:3000/#opensource","viewport":{"width":1707,"height":842},"payload":{"target":{"tag":"b","id":null,"name":null,"type":null,"role":null,"ariaLabel":null,"testId":null,"dataLoc":"client\\src\\pages\\Home.tsx:110","href":null,"text":"06","selectorHint":"[data-loc=\"client\\src\\pages\\Home.tsx:110\"]"},"x":26,"y":441}}
[2026-08-25T17:31:54.811Z] {"timestamp":1787679114063,"kind":"navigate","url":"http://localhost:3000/#teamwork","viewport":{"width":1707,"height":842},"payload":{"reason":"popstate"}}
[2026-08-25T17:31:54.811Z] {"timestamp":1787679114064,"kind":"focusout","url":"http://localhost:3000/#teamwork","viewport":{"width":1707,"height":842},"payload":{"target":{"tag":"a","id":null,"name":null,"type":null,"role":null,"ariaLabel":null,"testId":null,"dataLoc":"client\\src\\pages\\Home.tsx:105","href":"#teamwork","text":"06 TEAMWORK","selectorHint":"[data-loc=\"client\\src\\pages\\Home.tsx:105\"]"},"value":null}}
[2026-08-25T17:31:54.811Z] {"timestamp":1787679114066,"kind":"navigate","url":"http://localhost:3000/#teamwork","viewport":{"width":1707,"height":842},"payload":{"reason":"hashchange"}}
[2026-08-25T17:31:54.811Z] {"timestamp":1787679114081,"kind":"scroll","url":"http://localhost:3000/#teamwork","viewport":{"width":1707,"height":842},"payload":{"scrollX":0,"scrollY":4823.111328125,"documentHeight":9026,"viewportHeight":842}}
[2026-08-25T17:31:56.811Z] {"timestamp":1787679115204,"kind":"focusin","url":"http://localhost:3000/#teamwork","viewport":{"width":1707,"height":842},"payload":{"target":{"tag":"a","id":null,"name":null,"type":null,"role":null,"ariaLabel":null,"testId":null,"dataLoc":"client\\src\\pages\\Home.tsx:105","href":"#leadership","text":"07 LEADERSHIP","selectorHint":"[data-loc=\"client\\src\\pages\\Home.tsx:105\"]"}}}
[2026-08-25T17:31:56.811Z] {"timestamp":1787679115426,"kind":"click","url":"http://localhost:3000/#teamwork","viewport":{"width":1707,"height":842},"payload":{"target":{"tag":"b","id":null,"name":null,"type":null,"role":null,"ariaLabel":null,"testId":null,"dataLoc":"client\\src\\pages\\Home.tsx:110","href":null,"text":"07","selectorHint":"[data-loc=\"client\\src\\pages\\Home.tsx:110\"]"},"x":25,"y":467}}
[2026-08-25T17:31:56.811Z] {"timestamp":1787679115427,"kind":"navigate","url":"http://localhost:3000/#leadership","viewport":{"width":1707,"height":842},"payload":{"reason":"popstate"}}
[2026-08-25T17:31:56.811Z] {"timestamp":1787679115427,"kind":"focusout","url":"http://localhost:3000/#leadership","viewport":{"width":1707,"height":842},"payload":{"target":{"tag":"a","id":null,"name":null,"type":null,"role":null,"ariaLabel":null,"testId":null,"dataLoc":"client\\src\\pages\\Home.tsx:105","href":"#leadership","text":"07 LEADERSHIP","selectorHint":"[data-loc=\"client\\src\\pages\\Home.tsx:105\"]"},"value":null}}
[2026-08-25T17:31:56.811Z] {"timestamp":1787679115435,"kind":"navigate","url":"http://localhost:3000/#leadership","viewport":{"width":1707,"height":842},"payload":{"reason":"hashchange"}}
[2026-08-25T17:31:56.811Z] {"timestamp":1787679115450,"kind":"scroll","url":"http://localhost:3000/#leadership","viewport":{"width":1707,"height":842},"payload":{"scrollX":0,"scrollY":5536,"documentHeight":9026,"viewportHeight":842}}
[2026-08-25T17:31:56.811Z] {"timestamp":1787679116754,"kind":"click","url":"http://localhost:3000/#leadership","viewport":{"width":1707,"height":842},"payload":{"target":{"tag":"aside","id":null,"name":null,"type":null,"role":null,"ariaLabel":"Portfolio chapter index","testId":null,"dataLoc":"client\\src\\pages\\Home.tsx:101","href":null,"text":"01 ABOUT 02 EDUCATION 03 EXPERIENCE 04 PROJECTS 05 OPENSOURCE 06 TEAMWORK 07 LEA…","selectorHint":"[data-loc=\"client\\src\\pages\\Home.tsx:101\"]"},"x":24,"y":490}}
[2026-08-25T17:31:58.805Z] {"timestamp":1787679116907,"kind":"focusin","url":"http://localhost:3000/#leadership","viewport":{"width":1707,"height":842},"payload":{"target":{"tag":"a","id":null,"name":null,"type":null,"role":null,"ariaLabel":null,"testId":null,"dataLoc":"client\\src\\pages\\Home.tsx:105","href":"#certificates","text":"08 CERTIFICATES","selectorHint":"[data-loc=\"client\\src\\pages\\Home.tsx:105\"]"}}}
[2026-08-25T17:31:58.805Z] {"timestamp":1787679117128,"kind":"click","url":"http://localhost:3000/#leadership","viewport":{"width":1707,"height":842},"payload":{"target":{"tag":"b","id":null,"name":null,"type":null,"role":null,"ariaLabel":null,"testId":null,"dataLoc":"client\\src\\pages\\Home.tsx:110","href":null,"text":"08","selectorHint":"[data-loc=\"client\\src\\pages\\Home.tsx:110\"]"},"x":24,"y":490}}
[2026-08-25T17:31:58.805Z] {"timestamp":1787679117129,"kind":"navigate","url":"http://localhost:3000/#certificates","viewport":{"width":1707,"height":842},"payload":{"reason":"popstate"}}
[2026-08-25T17:31:58.805Z] {"timestamp":1787679117129,"kind":"focusout","url":"http://localhost:3000/#certificates","viewport":{"width":1707,"height":842},"payload":{"target":{"tag":"a","id":null,"name":null,"type":null,"role":null,"ariaLabel":null,"testId":null,"dataLoc":"client\\src\\pages\\Home.tsx:105","href":"#certificates","text":"08 CERTIFICATES","selectorHint":"[data-loc=\"client\\src\\pages\\Home.tsx:105\"]"},"value":null}}
[2026-08-25T17:31:58.805Z] {"timestamp":1787679117135,"kind":"navigate","url":"http://localhost:3000/#certificates","viewport":{"width":1707,"height":842},"payload":{"reason":"hashchange"}}
[2026-08-25T17:31:58.805Z] {"timestamp":1787679117154,"kind":"scroll","url":"http://localhost:3000/#certificates","viewport":{"width":1707,"height":842},"payload":{"scrollX":0,"scrollY":6256.888671875,"documentHeight":9026,"viewportHeight":842}}
[2026-08-25T17:31:58.805Z] {"timestamp":1787679117977,"kind":"focusin","url":"http://localhost:3000/#certificates","viewport":{"width":1707,"height":842},"payload":{"target":{"tag":"a","id":null,"name":null,"type":null,"role":null,"ariaLabel":null,"testId":null,"dataLoc":"client\\src\\pages\\Home.tsx:105","href":"#skills","text":"09 SKILLS","selectorHint":"[data-loc=\"client\\src\\pages\\Home.tsx:105\"]"}}}
[2026-08-25T17:31:58.805Z] {"timestamp":1787679118193,"kind":"click","url":"http://localhost:3000/#certificates","viewport":{"width":1707,"height":842},"payload":{"target":{"tag":"b","id":null,"name":null,"type":null,"role":null,"ariaLabel":null,"testId":null,"dataLoc":"client\\src\\pages\\Home.tsx:110","href":null,"text":"09","selectorHint":"[data-loc=\"client\\src\\pages\\Home.tsx:110\"]"},"x":22,"y":527}}
[2026-08-25T17:31:58.805Z] {"timestamp":1787679118194,"kind":"navigate","url":"http://localhost:3000/#skills","viewport":{"width":1707,"height":842},"payload":{"reason":"popstate"}}
[2026-08-25T17:31:58.805Z] {"timestamp":1787679118194,"kind":"focusout","url":"http://localhost:3000/#skills","viewport":{"width":1707,"height":842},"payload":{"target":{"tag":"a","id":null,"name":null,"type":null,"role":null,"ariaLabel":null,"testId":null,"dataLoc":"client\\src\\pages\\Home.tsx:105","href":"#skills","text":"09 SKILLS","selectorHint":"[data-loc=\"client\\src\\pages\\Home.tsx:105\"]"},"value":null}}
[2026-08-25T17:31:58.805Z] {"timestamp":1787679118199,"kind":"navigate","url":"http://localhost:3000/#skills","viewport":{"width":1707,"height":842},"payload":{"reason":"hashchange"}}
[2026-08-25T17:31:58.805Z] {"timestamp":1787679118215,"kind":"scroll","url":"http://localhost:3000/#skills","viewport":{"width":1707,"height":842},"payload":{"scrollX":0,"scrollY":7018.66650390625,"documentHeight":9026,"viewportHeight":842}}
[2026-08-25T17:32:00.836Z] {"timestamp":1787679118955,"kind":"focusin","url":"http://localhost:3000/#skills","viewport":{"width":1707,"height":842},"payload":{"target":{"tag":"a","id":null,"name":null,"type":null,"role":null,"ariaLabel":null,"testId":null,"dataLoc":"client\\src\\pages\\Home.tsx:105","href":"#contact","text":"10 CONTACT","selectorHint":"[data-loc=\"client\\src\\pages\\Home.tsx:105\"]"}}}
[2026-08-25T17:32:00.836Z] {"timestamp":1787679119174,"kind":"click","url":"http://localhost:3000/#skills","viewport":{"width":1707,"height":842},"payload":{"target":{"tag":"b","id":null,"name":null,"type":null,"role":null,"ariaLabel":null,"testId":null,"dataLoc":"client\\src\\pages\\Home.tsx:110","href":null,"text":"10","selectorHint":"[data-loc=\"client\\src\\pages\\Home.tsx:110\"]"},"x":22,"y":555}}
[2026-08-25T17:32:00.836Z] {"timestamp":1787679119175,"kind":"navigate","url":"http://localhost:3000/#contact","viewport":{"width":1707,"height":842},"payload":{"reason":"popstate"}}
[2026-08-25T17:32:00.836Z] {"timestamp":1787679119175,"kind":"focusout","url":"http://localhost:3000/#contact","viewport":{"width":1707,"height":842},"payload":{"target":{"tag":"a","id":null,"name":null,"type":null,"role":null,"ariaLabel":null,"testId":null,"dataLoc":"client\\src\\pages\\Home.tsx:105","href":"#contact","text":"10 CONTACT","selectorHint":"[data-loc=\"client\\src\\pages\\Home.tsx:105\"]"},"value":null}}
[2026-08-25T17:32:00.836Z] {"timestamp":1787679119185,"kind":"navigate","url":"http://localhost:3000/#contact","viewport":{"width":1707,"height":842},"payload":{"reason":"hashchange"}}
[2026-08-25T17:32:00.836Z] {"timestamp":1787679119199,"kind":"scroll","url":"http://localhost:3000/#contact","viewport":{"width":1707,"height":842},"payload":{"scrollX":0,"scrollY":7866.66650390625,"documentHeight":9026,"viewportHeight":842}}
[2026-08-25T17:32:00.836Z] {"timestamp":1787679120587,"kind":"focusin","url":"http://localhost:3000/#contact","viewport":{"width":1707,"height":842},"payload":{"target":{"tag":"a","id":null,"name":null,"type":null,"role":null,"ariaLabel":null,"testId":null,"dataLoc":"client\\src\\pages\\Home.tsx:105","href":"#about","text":"01 ABOUT","selectorHint":"[data-loc=\"client\\src\\pages\\Home.tsx:105\"]"}}}
[2026-08-25T17:32:00.836Z] {"timestamp":1787679120802,"kind":"click","url":"http://localhost:3000/#contact","viewport":{"width":1707,"height":842},"payload":{"target":{"tag":"b","id":null,"name":null,"type":null,"role":null,"ariaLabel":null,"testId":null,"dataLoc":"client\\src\\pages\\Home.tsx:110","href":null,"text":"01","selectorHint":"[data-loc=\"client\\src\\pages\\Home.tsx:110\"]"},"x":28,"y":276}}
[2026-08-25T17:32:00.836Z] {"timestamp":1787679120803,"kind":"navigate","url":"http://localhost:3000/#about","viewport":{"width":1707,"height":842},"payload":{"reason":"popstate"}}
[2026-08-25T17:32:00.836Z] {"timestamp":1787679120803,"kind":"focusout","url":"http://localhost:3000/#about","viewport":{"width":1707,"height":842},"payload":{"target":{"tag":"a","id":null,"name":null,"type":null,"role":null,"ariaLabel":null,"testId":null,"dataLoc":"client\\src\\pages\\Home.tsx:105","href":"#about","text":"01 ABOUT","selectorHint":"[data-loc=\"client\\src\\pages\\Home.tsx:105\"]"},"value":null}}
[2026-08-25T17:32:02.806Z] {"timestamp":1787679120817,"kind":"navigate","url":"http://localhost:3000/#about","viewport":{"width":1707,"height":842},"payload":{"reason":"hashchange"}}
[2026-08-25T17:32:02.806Z] {"timestamp":1787679120834,"kind":"scroll","url":"http://localhost:3000/#about","viewport":{"width":1707,"height":842},"payload":{"scrollX":0,"scrollY":8182.22216796875,"documentHeight":9026,"viewportHeight":842}}
[2026-08-25T17:32:02.806Z] {"timestamp":1787679121353,"kind":"scroll","url":"http://localhost:3000/#about","viewport":{"width":1707,"height":842},"payload":{"scrollX":0,"scrollY":3091.5556640625,"documentHeight":9026,"viewportHeight":842}}
[2026-08-25T17:32:02.806Z] {"timestamp":1787679121865,"kind":"scroll","url":"http://localhost:3000/#about","viewport":{"width":1707,"height":842},"payload":{"scrollX":0,"scrollY":1127.111083984375,"documentHeight":9026,"viewportHeight":842}}
[2026-08-25T17:32:04.803Z] {"timestamp":1787679123271,"kind":"focusin","url":"http://localhost:3000/#about","viewport":{"width":1707,"height":842},"payload":{"target":{"tag":"a","id":null,"name":null,"type":null,"role":null,"ariaLabel":null,"testId":null,"dataLoc":"client\\src\\pages\\Home.tsx:105","href":"#contact","text":"10 CONTACT","selectorHint":"[data-loc=\"client\\src\\pages\\Home.tsx:105\"]"}}}
[2026-08-25T17:32:04.803Z] {"timestamp":1787679123493,"kind":"click","url":"http://localhost:3000/#about","viewport":{"width":1707,"height":842},"payload":{"target":{"tag":"b","id":null,"name":null,"type":null,"role":null,"ariaLabel":null,"testId":null,"dataLoc":"client\\src\\pages\\Home.tsx:110","href":null,"text":"10","selectorHint":"[data-loc=\"client\\src\\pages\\Home.tsx:110\"]"},"x":28,"y":555}}
[2026-08-25T17:32:04.803Z] {"timestamp":1787679123494,"kind":"navigate","url":"http://localhost:3000/#contact","viewport":{"width":1707,"height":842},"payload":{"reason":"popstate"}}
[2026-08-25T17:32:04.803Z] {"timestamp":1787679123494,"kind":"focusout","url":"http://localhost:3000/#contact","viewport":{"width":1707,"height":842},"payload":{"target":{"tag":"a","id":null,"name":null,"type":null,"role":null,"ariaLabel":null,"testId":null,"dataLoc":"client\\src\\pages\\Home.tsx:105","href":"#contact","text":"10 CONTACT","selectorHint":"[data-loc=\"client\\src\\pages\\Home.tsx:105\"]"},"value":null}}
[2026-08-25T17:32:04.803Z] {"timestamp":1787679123505,"kind":"navigate","url":"http://localhost:3000/#contact","viewport":{"width":1707,"height":842},"payload":{"reason":"hashchange"}}
[2026-08-25T17:32:04.803Z] {"timestamp":1787679123520,"kind":"scroll","url":"http://localhost:3000/#contact","viewport":{"width":1707,"height":842},"payload":{"scrollX":0,"scrollY":843.5555419921875,"documentHeight":9026,"viewportHeight":842}}
[2026-08-25T17:32:04.803Z] {"timestamp":1787679124032,"kind":"scroll","url":"http://localhost:3000/#contact","viewport":{"width":1707,"height":842},"payload":{"scrollX":0,"scrollY":5936.888671875,"documentHeight":9026,"viewportHeight":842}}
[2026-08-25T17:32:04.803Z] {"timestamp":1787679124532,"kind":"scroll","url":"http://localhost:3000/#contact","viewport":{"width":1707,"height":842},"payload":{"scrollX":0,"scrollY":7874.66650390625,"documentHeight":9026,"viewportHeight":842}}
[2026-08-25T17:32:08.804Z] {"timestamp":1787679127808,"kind":"focusin","url":"http://localhost:3000/#contact","viewport":{"width":1707,"height":842},"payload":{"target":{"tag":"a","id":null,"name":null,"type":null,"role":null,"ariaLabel":null,"testId":null,"dataLoc":"client\\src\\pages\\Home.tsx:105","href":"#contact","text":"10 CONTACT","selectorHint":"[data-loc=\"client\\src\\pages\\Home.tsx:105\"]"}}}
[2026-08-25T17:32:08.804Z] {"timestamp":1787679128032,"kind":"click","url":"http://localhost:3000/#contact","viewport":{"width":1707,"height":842},"payload":{"target":{"tag":"a","id":null,"name":null,"type":null,"role":null,"ariaLabel":null,"testId":null,"dataLoc":"client\\src\\pages\\Home.tsx:105","href":"#contact","text":"10 CONTACT","selectorHint":"[data-loc=\"client\\src\\pages\\Home.tsx:105\"]"},"x":28,"y":548}}
[2026-08-25T17:32:08.804Z] {"timestamp":1787679128033,"kind":"navigate","url":"http://localhost:3000/#contact","viewport":{"width":1707,"height":842},"payload":{"reason":"popstate"}}
[2026-08-25T17:32:08.804Z] {"timestamp":1787679128033,"kind":"focusout","url":"http://localhost:3000/#contact","viewport":{"width":1707,"height":842},"payload":{"target":{"tag":"a","id":null,"name":null,"type":null,"role":null,"ariaLabel":null,"testId":null,"dataLoc":"client\\src\\pages\\Home.tsx:105","href":"#contact","text":"10 CONTACT","selectorHint":"[data-loc=\"client\\src\\pages\\Home.tsx:105\"]"},"value":null}}
[2026-08-25T17:32:10.801Z] {"timestamp":1787679129175,"kind":"focusin","url":"http://localhost:3000/#contact","viewport":{"width":1707,"height":842},"payload":{"target":{"tag":"a","id":null,"name":null,"type":null,"role":null,"ariaLabel":null,"testId":null,"dataLoc":"client\\src\\pages\\Home.tsx:105","href":"#about","text":"01 ABOUT","selectorHint":"[data-loc=\"client\\src\\pages\\Home.tsx:105\"]"}}}
[2026-08-25T17:32:10.801Z] {"timestamp":1787679129394,"kind":"click","url":"http://localhost:3000/#contact","viewport":{"width":1707,"height":842},"payload":{"target":{"tag":"a","id":null,"name":null,"type":null,"role":null,"ariaLabel":null,"testId":null,"dataLoc":"client\\src\\pages\\Home.tsx:105","href":"#about","text":"01 ABOUT","selectorHint":"[data-loc=\"client\\src\\pages\\Home.tsx:105\"]"},"x":35,"y":271}}
[2026-08-25T17:32:10.801Z] {"timestamp":1787679129395,"kind":"navigate","url":"http://localhost:3000/#about","viewport":{"width":1707,"height":842},"payload":{"reason":"popstate"}}
[2026-08-25T17:32:10.801Z] {"timestamp":1787679129395,"kind":"focusout","url":"http://localhost:3000/#about","viewport":{"width":1707,"height":842},"payload":{"target":{"tag":"a","id":null,"name":null,"type":null,"role":null,"ariaLabel":null,"testId":null,"dataLoc":"client\\src\\pages\\Home.tsx:105","href":"#about","text":"01 ABOUT","selectorHint":"[data-loc=\"client\\src\\pages\\Home.tsx:105\"]"},"value":null}}
[2026-08-25T17:32:10.801Z] {"timestamp":1787679129400,"kind":"navigate","url":"http://localhost:3000/#about","viewport":{"width":1707,"height":842},"payload":{"reason":"hashchange"}}
[2026-08-25T17:32:10.801Z] {"timestamp":1787679129413,"kind":"scroll","url":"http://localhost:3000/#about","viewport":{"width":1707,"height":842},"payload":{"scrollX":0,"scrollY":8182.22216796875,"documentHeight":9026,"viewportHeight":842}}
[2026-08-25T17:32:10.801Z] {"timestamp":1787679129915,"kind":"scroll","url":"http://localhost:3000/#about","viewport":{"width":1707,"height":842},"payload":{"scrollX":0,"scrollY":3248,"documentHeight":9026,"viewportHeight":842}}
[2026-08-25T17:32:10.801Z] {"timestamp":1787679130414,"kind":"scroll","url":"http://localhost:3000/#about","viewport":{"width":1707,"height":842},"payload":{"scrollX":0,"scrollY":1180.4444580078125,"documentHeight":9026,"viewportHeight":842}}
[2026-08-25T17:32:44.811Z] {"timestamp":1787679163568,"kind":"scroll","url":"http://localhost:3000/#about","viewport":{"width":1707,"height":842},"payload":{"scrollX":0,"scrollY":806.2222290039062,"documentHeight":9026,"viewportHeight":842}}
[2026-08-25T17:32:44.811Z] {"timestamp":1787679164081,"kind":"scroll","url":"http://localhost:3000/#about","viewport":{"width":1707,"height":842},"payload":{"scrollX":0,"scrollY":2601.77783203125,"documentHeight":9026,"viewportHeight":842}}
[2026-08-25T17:32:46.804Z] {"timestamp":1787679165107,"kind":"focusin","url":"http://localhost:3000/#about","viewport":{"width":1707,"height":842},"payload":{"target":{"tag":"a","id":null,"name":null,"type":null,"role":null,"ariaLabel":null,"testId":null,"dataLoc":"client\\src\\pages\\Home.tsx:105","href":"#contact","text":"10 CONTACT","selectorHint":"[data-loc=\"client\\src\\pages\\Home.tsx:105\"]"}}}
[2026-08-25T17:32:46.804Z] {"timestamp":1787679165326,"kind":"click","url":"http://localhost:3000/#about","viewport":{"width":1707,"height":842},"payload":{"target":{"tag":"b","id":null,"name":null,"type":null,"role":null,"ariaLabel":null,"testId":null,"dataLoc":"client\\src\\pages\\Home.tsx:110","href":null,"text":"10","selectorHint":"[data-loc=\"client\\src\\pages\\Home.tsx:110\"]"},"x":29,"y":557}}
[2026-08-25T17:32:46.804Z] {"timestamp":1787679165327,"kind":"navigate","url":"http://localhost:3000/#contact","viewport":{"width":1707,"height":842},"payload":{"reason":"popstate"}}
[2026-08-25T17:32:46.804Z] {"timestamp":1787679165327,"kind":"focusout","url":"http://localhost:3000/#contact","viewport":{"width":1707,"height":842},"payload":{"target":{"tag":"a","id":null,"name":null,"type":null,"role":null,"ariaLabel":null,"testId":null,"dataLoc":"client\\src\\pages\\Home.tsx:105","href":"#contact","text":"10 CONTACT","selectorHint":"[data-loc=\"client\\src\\pages\\Home.tsx:105\"]"},"value":null}}
[2026-08-25T17:32:46.804Z] {"timestamp":1787679165330,"kind":"navigate","url":"http://localhost:3000/#contact","viewport":{"width":1707,"height":842},"payload":{"reason":"hashchange"}}
[2026-08-25T17:32:46.804Z] {"timestamp":1787679165347,"kind":"scroll","url":"http://localhost:3000/#contact","viewport":{"width":1707,"height":842},"payload":{"scrollX":0,"scrollY":2604.4443359375,"documentHeight":9026,"viewportHeight":842}}
[2026-08-25T17:32:46.804Z] {"timestamp":1787679165863,"kind":"scroll","url":"http://localhost:3000/#contact","viewport":{"width":1707,"height":842},"payload":{"scrollX":0,"scrollY":6877.33349609375,"documentHeight":9026,"viewportHeight":842}}
[2026-08-25T17:32:46.804Z] {"timestamp":1787679166379,"kind":"scroll","url":"http://localhost:3000/#contact","viewport":{"width":1707,"height":842},"payload":{"scrollX":0,"scrollY":8092.4443359375,"documentHeight":9026,"viewportHeight":842}}
[2026-08-25T17:33:34.091Z] {"timestamp":1787679212157,"kind":"scroll","url":"http://localhost:3000/#contact","viewport":{"width":1707,"height":842},"payload":{"scrollX":0,"scrollY":8184,"documentHeight":9026,"viewportHeight":842}}
[2026-08-25T17:33:34.091Z] {"timestamp":1787679213377,"kind":"focusin","url":"http://localhost:3000/#contact","viewport":{"width":1707,"height":842},"payload":{"target":{"tag":"a","id":null,"name":null,"type":null,"role":null,"ariaLabel":null,"testId":null,"dataLoc":"client\\src\\pages\\Home.tsx:105","href":"#about","text":"01 ABOUT","selectorHint":"[data-loc=\"client\\src\\pages\\Home.tsx:105\"]"}}}
[2026-08-25T17:33:34.092Z] {"timestamp":1787679213598,"kind":"click","url":"http://localhost:3000/#contact","viewport":{"width":1707,"height":842},"payload":{"target":{"tag":"b","id":null,"name":null,"type":null,"role":null,"ariaLabel":null,"testId":null,"dataLoc":"client\\src\\pages\\Home.tsx:110","href":null,"text":"01","selectorHint":"[data-loc=\"client\\src\\pages\\Home.tsx:110\"]"},"x":32,"y":282}}
[2026-08-25T17:33:34.092Z] {"timestamp":1787679213599,"kind":"navigate","url":"http://localhost:3000/#about","viewport":{"width":1707,"height":842},"payload":{"reason":"popstate"}}
[2026-08-25T17:33:34.092Z] {"timestamp":1787679213599,"kind":"focusout","url":"http://localhost:3000/#about","viewport":{"width":1707,"height":842},"payload":{"target":{"tag":"a","id":null,"name":null,"type":null,"role":null,"ariaLabel":null,"testId":null,"dataLoc":"client\\src\\pages\\Home.tsx:105","href":"#about","text":"01 ABOUT","selectorHint":"[data-loc=\"client\\src\\pages\\Home.tsx:105\"]"},"value":null}}
[2026-08-25T17:33:34.092Z] {"timestamp":1787679213612,"kind":"navigate","url":"http://localhost:3000/#about","viewport":{"width":1707,"height":842},"payload":{"reason":"hashchange"}}
[2026-08-25T17:33:34.092Z] {"timestamp":1787679213628,"kind":"scroll","url":"http://localhost:3000/#about","viewport":{"width":1707,"height":842},"payload":{"scrollX":0,"scrollY":8182.22216796875,"documentHeight":9026,"viewportHeight":842}}
[2026-08-25T17:33:36.064Z] {"timestamp":1787679214132,"kind":"scroll","url":"http://localhost:3000/#about","viewport":{"width":1707,"height":842},"payload":{"scrollX":0,"scrollY":3233.77783203125,"documentHeight":9026,"viewportHeight":842}}
[2026-08-25T17:33:36.065Z] {"timestamp":1787679214649,"kind":"scroll","url":"http://localhost:3000/#about","viewport":{"width":1707,"height":842},"payload":{"scrollX":0,"scrollY":1152,"documentHeight":9026,"viewportHeight":842}}
[2026-08-25T17:33:36.065Z] {"timestamp":1787679215422,"kind":"focusin","url":"http://localhost:3000/#about","viewport":{"width":1707,"height":842},"payload":{"target":{"tag":"a","id":null,"name":null,"type":null,"role":null,"ariaLabel":null,"testId":null,"dataLoc":"client\\src\\pages\\Home.tsx:105","href":"#education","text":"02 EDUCATION","selectorHint":"[data-loc=\"client\\src\\pages\\Home.tsx:105\"]"}}}
[2026-08-25T17:33:36.065Z] {"timestamp":1787679215635,"kind":"click","url":"http://localhost:3000/#about","viewport":{"width":1707,"height":842},"payload":{"target":{"tag":"a","id":null,"name":null,"type":null,"role":null,"ariaLabel":null,"testId":null,"dataLoc":"client\\src\\pages\\Home.tsx:105","href":"#education","text":"02 EDUCATION","selectorHint":"[data-loc=\"client\\src\\pages\\Home.tsx:105\"]"},"x":29,"y":321}}
[2026-08-25T17:33:36.065Z] {"timestamp":1787679215636,"kind":"navigate","url":"http://localhost:3000/#education","viewport":{"width":1707,"height":842},"payload":{"reason":"popstate"}}
[2026-08-25T17:33:36.065Z] {"timestamp":1787679215636,"kind":"focusout","url":"http://localhost:3000/#education","viewport":{"width":1707,"height":842},"payload":{"target":{"tag":"a","id":null,"name":null,"type":null,"role":null,"ariaLabel":null,"testId":null,"dataLoc":"client\\src\\pages\\Home.tsx:105","href":"#education","text":"02 EDUCATION","selectorHint":"[data-loc=\"client\\src\\pages\\Home.tsx:105\"]"},"value":null}}
[2026-08-25T17:33:36.065Z] {"timestamp":1787679215649,"kind":"navigate","url":"http://localhost:3000/#education","viewport":{"width":1707,"height":842},"payload":{"reason":"hashchange"}}
[2026-08-25T17:33:36.065Z] {"timestamp":1787679215670,"kind":"scroll","url":"http://localhost:3000/#education","viewport":{"width":1707,"height":842},"payload":{"scrollX":0,"scrollY":844.4444580078125,"documentHeight":9026,"viewportHeight":842}}
[2026-08-25T17:33:38.060Z] {"timestamp":1787679216567,"kind":"focusin","url":"http://localhost:3000/#education","viewport":{"width":1707,"height":842},"payload":{"target":{"tag":"a","id":null,"name":null,"type":null,"role":null,"ariaLabel":null,"testId":null,"dataLoc":"client\\src\\pages\\Home.tsx:105","href":"#experience","text":"03 EXPERIENCE","selectorHint":"[data-loc=\"client\\src\\pages\\Home.tsx:105\"]"}}}
[2026-08-25T17:33:38.060Z] {"timestamp":1787679216789,"kind":"click","url":"http://localhost:3000/#education","viewport":{"width":1707,"height":842},"payload":{"target":{"tag":"a","id":null,"name":null,"type":null,"role":null,"ariaLabel":null,"testId":null,"dataLoc":"client\\src\\pages\\Home.tsx:105","href":"#experience","text":"03 EXPERIENCE","selectorHint":"[data-loc=\"client\\src\\pages\\Home.tsx:105\"]"},"x":27,"y":333}}
[2026-08-25T17:33:38.060Z] {"timestamp":1787679216790,"kind":"navigate","url":"http://localhost:3000/#experience","viewport":{"width":1707,"height":842},"payload":{"reason":"popstate"}}
[2026-08-25T17:33:38.060Z] {"timestamp":1787679216790,"kind":"focusout","url":"http://localhost:3000/#experience","viewport":{"width":1707,"height":842},"payload":{"target":{"tag":"a","id":null,"name":null,"type":null,"role":null,"ariaLabel":null,"testId":null,"dataLoc":"client\\src\\pages\\Home.tsx:105","href":"#experience","text":"03 EXPERIENCE","selectorHint":"[data-loc=\"client\\src\\pages\\Home.tsx:105\"]"},"value":null}}
[2026-08-25T17:33:38.060Z] {"timestamp":1787679216797,"kind":"navigate","url":"http://localhost:3000/#experience","viewport":{"width":1707,"height":842},"payload":{"reason":"hashchange"}}
[2026-08-25T17:33:38.060Z] {"timestamp":1787679216811,"kind":"scroll","url":"http://localhost:3000/#experience","viewport":{"width":1707,"height":842},"payload":{"scrollX":0,"scrollY":1508.4444580078125,"documentHeight":9026,"viewportHeight":842}}
[2026-08-25T17:33:40.059Z] {"timestamp":1787679218069,"kind":"click","url":"http://localhost:3000/#experience","viewport":{"width":1707,"height":842},"payload":{"target":{"tag":"aside","id":null,"name":null,"type":null,"role":null,"ariaLabel":"Portfolio chapter index","testId":null,"dataLoc":"client\\src\\pages\\Home.tsx:101","href":null,"text":"01 ABOUT 02 EDUCATION 03 EXPERIENCE 04 PROJECTS 05 OPENSOURCE 06 TEAMWORK 07 LEA…","selectorHint":"[data-loc=\"client\\src\\pages\\Home.tsx:101\"]"},"x":25,"y":377}}
[2026-08-25T17:33:40.059Z] {"timestamp":1787679218253,"kind":"focusin","url":"http://localhost:3000/#experience","viewport":{"width":1707,"height":842},"payload":{"target":{"tag":"a","id":null,"name":null,"type":null,"role":null,"ariaLabel":null,"testId":null,"dataLoc":"client\\src\\pages\\Home.tsx:105","href":"#projects","text":"04 PROJECTS","selectorHint":"[data-loc=\"client\\src\\pages\\Home.tsx:105\"]"}}}
[2026-08-25T17:33:40.059Z] {"timestamp":1787679218478,"kind":"click","url":"http://localhost:3000/#experience","viewport":{"width":1707,"height":842},"payload":{"target":{"tag":"b","id":null,"name":null,"type":null,"role":null,"ariaLabel":null,"testId":null,"dataLoc":"client\\src\\pages\\Home.tsx:110","href":null,"text":"04","selectorHint":"[data-loc=\"client\\src\\pages\\Home.tsx:110\"]"},"x":25,"y":377}}
[2026-08-25T17:33:40.059Z] {"timestamp":1787679218478,"kind":"navigate","url":"http://localhost:3000/#projects","viewport":{"width":1707,"height":842},"payload":{"reason":"popstate"}}
[2026-08-25T17:33:40.059Z] {"timestamp":1787679218479,"kind":"focusout","url":"http://localhost:3000/#projects","viewport":{"width":1707,"height":842},"payload":{"target":{"tag":"a","id":null,"name":null,"type":null,"role":null,"ariaLabel":null,"testId":null,"dataLoc":"client\\src\\pages\\Home.tsx:105","href":"#projects","text":"04 PROJECTS","selectorHint":"[data-loc=\"client\\src\\pages\\Home.tsx:105\"]"},"value":null}}
[2026-08-25T17:33:40.059Z] {"timestamp":1787679218496,"kind":"navigate","url":"http://localhost:3000/#projects","viewport":{"width":1707,"height":842},"payload":{"reason":"hashchange"}}
[2026-08-25T17:33:40.059Z] {"timestamp":1787679218511,"kind":"scroll","url":"http://localhost:3000/#projects","viewport":{"width":1707,"height":842},"payload":{"scrollX":0,"scrollY":2093.333251953125,"documentHeight":9026,"viewportHeight":842}}
[2026-08-25T17:33:40.059Z] {"timestamp":1787679219013,"kind":"scroll","url":"http://localhost:3000/#projects","viewport":{"width":1707,"height":842},"payload":{"scrollX":0,"scrollY":3495.111083984375,"documentHeight":9026,"viewportHeight":842}}
[2026-08-25T17:33:40.059Z] {"timestamp":1787679219362,"kind":"focusin","url":"http://localhost:3000/#projects","viewport":{"width":1707,"height":842},"payload":{"target":{"tag":"a","id":null,"name":null,"type":null,"role":null,"ariaLabel":null,"testId":null,"dataLoc":"client\\src\\pages\\Home.tsx:105","href":"#opensource","text":"05 OPENSOURCE","selectorHint":"[data-loc=\"client\\src\\pages\\Home.tsx:105\"]"}}}
[2026-08-25T17:33:40.059Z] {"timestamp":1787679219577,"kind":"click","url":"http://localhost:3000/#projects","viewport":{"width":1707,"height":842},"payload":{"target":{"tag":"b","id":null,"name":null,"type":null,"role":null,"ariaLabel":null,"testId":null,"dataLoc":"client\\src\\pages\\Home.tsx:110","href":null,"text":"05","selectorHint":"[data-loc=\"client\\src\\pages\\Home.tsx:110\"]"},"x":25,"y":402}}
[2026-08-25T17:33:40.059Z] {"timestamp":1787679219578,"kind":"navigate","url":"http://localhost:3000/#opensource","viewport":{"width":1707,"height":842},"payload":{"reason":"popstate"}}
[2026-08-25T17:33:40.059Z] {"timestamp":1787679219578,"kind":"focusout","url":"http://localhost:3000/#opensource","viewport":{"width":1707,"height":842},"payload":{"target":{"tag":"a","id":null,"name":null,"type":null,"role":null,"ariaLabel":null,"testId":null,"dataLoc":"client\\src\\pages\\Home.tsx:105","href":"#opensource","text":"05 OPENSOURCE","selectorHint":"[data-loc=\"client\\src\\pages\\Home.tsx:105\"]"},"value":null}}
[2026-08-25T17:33:40.059Z] {"timestamp":1787679219581,"kind":"navigate","url":"http://localhost:3000/#opensource","viewport":{"width":1707,"height":842},"payload":{"reason":"hashchange"}}
[2026-08-25T17:33:40.059Z] {"timestamp":1787679219594,"kind":"scroll","url":"http://localhost:3000/#opensource","viewport":{"width":1707,"height":842},"payload":{"scrollX":0,"scrollY":3527.111083984375,"documentHeight":9026,"viewportHeight":842}}
[2026-08-25T17:33:42.055Z] {"timestamp":1787679220096,"kind":"scroll","url":"http://localhost:3000/#opensource","viewport":{"width":1707,"height":842},"payload":{"scrollX":0,"scrollY":4803.5556640625,"documentHeight":9026,"viewportHeight":842}}
[2026-08-25T17:33:42.055Z] {"timestamp":1787679220570,"kind":"focusin","url":"http://localhost:3000/#opensource","viewport":{"width":1707,"height":842},"payload":{"target":{"tag":"a","id":null,"name":null,"type":null,"role":null,"ariaLabel":null,"testId":null,"dataLoc":"client\\src\\pages\\Home.tsx:105","href":"#teamwork","text":"06 TEAMWORK","selectorHint":"[data-loc=\"client\\src\\pages\\Home.tsx:105\"]"}}}
[2026-08-25T17:33:42.055Z] {"timestamp":1787679220788,"kind":"click","url":"http://localhost:3000/#opensource","viewport":{"width":1707,"height":842},"payload":{"target":{"tag":"b","id":null,"name":null,"type":null,"role":null,"ariaLabel":null,"testId":null,"dataLoc":"client\\src\\pages\\Home.tsx:110","href":null,"text":"06","selectorHint":"[data-loc=\"client\\src\\pages\\Home.tsx:110\"]"},"x":22,"y":438}}
[2026-08-25T17:33:42.055Z] {"timestamp":1787679220788,"kind":"navigate","url":"http://localhost:3000/#teamwork","viewport":{"width":1707,"height":842},"payload":{"reason":"popstate"}}
[2026-08-25T17:33:42.055Z] {"timestamp":1787679220789,"kind":"focusout","url":"http://localhost:3000/#teamwork","viewport":{"width":1707,"height":842},"payload":{"target":{"tag":"a","id":null,"name":null,"type":null,"role":null,"ariaLabel":null,"testId":null,"dataLoc":"client\\src\\pages\\Home.tsx:105","href":"#teamwork","text":"06 TEAMWORK","selectorHint":"[data-loc=\"client\\src\\pages\\Home.tsx:105\"]"},"value":null}}
[2026-08-25T17:33:42.055Z] {"timestamp":1787679220795,"kind":"navigate","url":"http://localhost:3000/#teamwork","viewport":{"width":1707,"height":842},"payload":{"reason":"hashchange"}}
[2026-08-25T17:33:42.055Z] {"timestamp":1787679220811,"kind":"scroll","url":"http://localhost:3000/#teamwork","viewport":{"width":1707,"height":842},"payload":{"scrollX":0,"scrollY":4823.111328125,"documentHeight":9026,"viewportHeight":842}}
[2026-08-25T17:33:42.055Z] {"timestamp":1787679221565,"kind":"focusin","url":"http://localhost:3000/#teamwork","viewport":{"width":1707,"height":842},"payload":{"target":{"tag":"a","id":null,"name":null,"type":null,"role":null,"ariaLabel":null,"testId":null,"dataLoc":"client\\src\\pages\\Home.tsx:105","href":"#leadership","text":"07 LEADERSHIP","selectorHint":"[data-loc=\"client\\src\\pages\\Home.tsx:105\"]"}}}
[2026-08-25T17:33:42.055Z] {"timestamp":1787679221786,"kind":"click","url":"http://localhost:3000/#teamwork","viewport":{"width":1707,"height":842},"payload":{"target":{"tag":"b","id":null,"name":null,"type":null,"role":null,"ariaLabel":null,"testId":null,"dataLoc":"client\\src\\pages\\Home.tsx:110","href":null,"text":"07","selectorHint":"[data-loc=\"client\\src\\pages\\Home.tsx:110\"]"},"x":22,"y":468}}
[2026-08-25T17:33:42.055Z] {"timestamp":1787679221788,"kind":"navigate","url":"http://localhost:3000/#leadership","viewport":{"width":1707,"height":842},"payload":{"reason":"popstate"}}
[2026-08-25T17:33:42.055Z] {"timestamp":1787679221788,"kind":"focusout","url":"http://localhost:3000/#leadership","viewport":{"width":1707,"height":842},"payload":{"target":{"tag":"a","id":null,"name":null,"type":null,"role":null,"ariaLabel":null,"testId":null,"dataLoc":"client\\src\\pages\\Home.tsx:105","href":"#leadership","text":"07 LEADERSHIP","selectorHint":"[data-loc=\"client\\src\\pages\\Home.tsx:105\"]"},"value":null}}
[2026-08-25T17:33:42.055Z] {"timestamp":1787679221801,"kind":"navigate","url":"http://localhost:3000/#leadership","viewport":{"width":1707,"height":842},"payload":{"reason":"hashchange"}}
[2026-08-25T17:33:42.055Z] {"timestamp":1787679221816,"kind":"scroll","url":"http://localhost:3000/#leadership","viewport":{"width":1707,"height":842},"payload":{"scrollX":0,"scrollY":5536,"documentHeight":9026,"viewportHeight":842}}
[2026-08-25T17:33:44.055Z] {"timestamp":1787679222516,"kind":"focusin","url":"http://localhost:3000/#leadership","viewport":{"width":1707,"height":842},"payload":{"target":{"tag":"a","id":null,"name":null,"type":null,"role":null,"ariaLabel":null,"testId":null,"dataLoc":"client\\src\\pages\\Home.tsx:105","href":"#certificates","text":"08 CERTIFICATES","selectorHint":"[data-loc=\"client\\src\\pages\\Home.tsx:105\"]"}}}
[2026-08-25T17:33:44.055Z] {"timestamp":1787679222739,"kind":"click","url":"http://localhost:3000/#leadership","viewport":{"width":1707,"height":842},"payload":{"target":{"tag":"aside","id":null,"name":null,"type":null,"role":null,"ariaLabel":"Portfolio chapter index","testId":null,"dataLoc":"client\\src\\pages\\Home.tsx:101","href":null,"text":"01 ABOUT 02 EDUCATION 03 EXPERIENCE 04 PROJECTS 05 OPENSOURCE 06 TEAMWORK 07 LEA…","selectorHint":"[data-loc=\"client\\src\\pages\\Home.tsx:101\"]"},"x":17,"y":504}}
[2026-08-25T17:33:44.055Z] {"timestamp":1787679223759,"kind":"click","url":"http://localhost:3000/#leadership","viewport":{"width":1707,"height":842},"payload":{"target":{"tag":"b","id":null,"name":null,"type":null,"role":null,"ariaLabel":null,"testId":null,"dataLoc":"client\\src\\pages\\Home.tsx:110","href":null,"text":"08","selectorHint":"[data-loc=\"client\\src\\pages\\Home.tsx:110\"]"},"x":19,"y":502}}
[2026-08-25T17:33:44.055Z] {"timestamp":1787679223760,"kind":"navigate","url":"http://localhost:3000/#certificates","viewport":{"width":1707,"height":842},"payload":{"reason":"popstate"}}
[2026-08-25T17:33:44.055Z] {"timestamp":1787679223760,"kind":"focusout","url":"http://localhost:3000/#certificates","viewport":{"width":1707,"height":842},"payload":{"target":{"tag":"a","id":null,"name":null,"type":null,"role":null,"ariaLabel":null,"testId":null,"dataLoc":"client\\src\\pages\\Home.tsx:105","href":"#certificates","text":"08 CERTIFICATES","selectorHint":"[data-loc=\"client\\src\\pages\\Home.tsx:105\"]"},"value":null}}
[2026-08-25T17:33:44.055Z] {"timestamp":1787679223765,"kind":"navigate","url":"http://localhost:3000/#certificates","viewport":{"width":1707,"height":842},"payload":{"reason":"hashchange"}}
[2026-08-25T17:33:44.055Z] {"timestamp":1787679223780,"kind":"scroll","url":"http://localhost:3000/#certificates","viewport":{"width":1707,"height":842},"payload":{"scrollX":0,"scrollY":6257.77783203125,"documentHeight":9026,"viewportHeight":842}}
[2026-08-25T17:33:46.062Z] {"timestamp":1787679224695,"kind":"click","url":"http://localhost:3000/#certificates","viewport":{"width":1707,"height":842},"payload":{"target":{"tag":"aside","id":null,"name":null,"type":null,"role":null,"ariaLabel":"Portfolio chapter index","testId":null,"dataLoc":"client\\src\\pages\\Home.tsx:101","href":null,"text":"01 ABOUT 02 EDUCATION 03 EXPERIENCE 04 PROJECTS 05 OPENSOURCE 06 TEAMWORK 07 LEA…","selectorHint":"[data-loc=\"client\\src\\pages\\Home.tsx:101\"]"},"x":24,"y":512}}
[2026-08-25T17:33:46.062Z] {"timestamp":1787679225146,"kind":"focusin","url":"http://localhost:3000/#certificates","viewport":{"width":1707,"height":842},"payload":{"target":{"tag":"a","id":null,"name":null,"type":null,"role":null,"ariaLabel":null,"testId":null,"dataLoc":"client\\src\\pages\\Home.tsx:105","href":"#skills","text":"09 SKILLS","selectorHint":"[data-loc=\"client\\src\\pages\\Home.tsx:105\"]"}}}
[2026-08-25T17:33:46.062Z] {"timestamp":1787679225363,"kind":"click","url":"http://localhost:3000/#certificates","viewport":{"width":1707,"height":842},"payload":{"target":{"tag":"a","id":null,"name":null,"type":null,"role":null,"ariaLabel":null,"testId":null,"dataLoc":"client\\src\\pages\\Home.tsx:105","href":"#skills","text":"09 SKILLS","selectorHint":"[data-loc=\"client\\src\\pages\\Home.tsx:105\"]"},"x":24,"y":520}}
[2026-08-25T17:33:46.062Z] {"timestamp":1787679225364,"kind":"navigate","url":"http://localhost:3000/#skills","viewport":{"width":1707,"height":842},"payload":{"reason":"popstate"}}
[2026-08-25T17:33:46.062Z] {"timestamp":1787679225364,"kind":"focusout","url":"http://localhost:3000/#skills","viewport":{"width":1707,"height":842},"payload":{"target":{"tag":"a","id":null,"name":null,"type":null,"role":null,"ariaLabel":null,"testId":null,"dataLoc":"client\\src\\pages\\Home.tsx:105","href":"#skills","text":"09 SKILLS","selectorHint":"[data-loc=\"client\\src\\pages\\Home.tsx:105\"]"},"value":null}}
[2026-08-25T17:33:46.062Z] {"timestamp":1787679225380,"kind":"navigate","url":"http://localhost:3000/#skills","viewport":{"width":1707,"height":842},"payload":{"reason":"hashchange"}}
[2026-08-25T17:33:46.062Z] {"timestamp":1787679225393,"kind":"scroll","url":"http://localhost:3000/#skills","viewport":{"width":1707,"height":842},"payload":{"scrollX":0,"scrollY":7018.66650390625,"documentHeight":9026,"viewportHeight":842}}
[2026-08-25T17:33:48.067Z] {"timestamp":1787679226293,"kind":"focusin","url":"http://localhost:3000/#skills","viewport":{"width":1707,"height":842},"payload":{"target":{"tag":"a","id":null,"name":null,"type":null,"role":null,"ariaLabel":null,"testId":null,"dataLoc":"client\\src\\pages\\Home.tsx:105","href":"#contact","text":"10 CONTACT","selectorHint":"[data-loc=\"client\\src\\pages\\Home.tsx:105\"]"}}}
[2026-08-25T17:33:48.067Z] {"timestamp":1787679226517,"kind":"click","url":"http://localhost:3000/#skills","viewport":{"width":1707,"height":842},"payload":{"target":{"tag":"b","id":null,"name":null,"type":null,"role":null,"ariaLabel":null,"testId":null,"dataLoc":"client\\src\\pages\\Home.tsx:110","href":null,"text":"10","selectorHint":"[data-loc=\"client\\src\\pages\\Home.tsx:110\"]"},"x":21,"y":558}}
[2026-08-25T17:33:48.067Z] {"timestamp":1787679226518,"kind":"navigate","url":"http://localhost:3000/#contact","viewport":{"width":1707,"height":842},"payload":{"reason":"popstate"}}
[2026-08-25T17:33:48.067Z] {"timestamp":1787679226518,"kind":"focusout","url":"http://localhost:3000/#contact","viewport":{"width":1707,"height":842},"payload":{"target":{"tag":"a","id":null,"name":null,"type":null,"role":null,"ariaLabel":null,"testId":null,"dataLoc":"client\\src\\pages\\Home.tsx:105","href":"#contact","text":"10 CONTACT","selectorHint":"[data-loc=\"client\\src\\pages\\Home.tsx:105\"]"},"value":null}}
[2026-08-25T17:33:48.067Z] {"timestamp":1787679226530,"kind":"navigate","url":"http://localhost:3000/#contact","viewport":{"width":1707,"height":842},"payload":{"reason":"hashchange"}}
[2026-08-25T17:33:48.067Z] {"timestamp":1787679226544,"kind":"scroll","url":"http://localhost:3000/#contact","viewport":{"width":1707,"height":842},"payload":{"scrollX":0,"scrollY":7865.77783203125,"documentHeight":9026,"viewportHeight":842}}
[2026-08-27T07:45:12.560Z] {"timestamp":1787816711936,"kind":"focusin","url":"http://localhost:3000/","viewport":{"width":1707,"height":842},"payload":{"target":{"tag":"a","id":null,"name":null,"type":null,"role":null,"ariaLabel":null,"testId":null,"dataLoc":"client\\src\\pages\\Home.tsx:105","href":"#contact","text":"10 CONTACT","selectorHint":"[data-loc=\"client\\src\\pages\\Home.tsx:105\"]"}}}
[2026-08-27T07:45:12.560Z] {"timestamp":1787816712154,"kind":"click","url":"http://localhost:3000/","viewport":{"width":1707,"height":842},"payload":{"target":{"tag":"b","id":null,"name":null,"type":null,"role":null,"ariaLabel":null,"testId":null,"dataLoc":"client\\src\\pages\\Home.tsx:110","href":null,"text":"10","selectorHint":"[data-loc=\"client\\src\\pages\\Home.tsx:110\"]"},"x":21,"y":561}}
[2026-08-27T07:45:12.560Z] {"timestamp":1787816712156,"kind":"navigate","url":"http://localhost:3000/#contact","viewport":{"width":1707,"height":842},"payload":{"reason":"popstate"}}
[2026-08-27T07:45:12.560Z] {"timestamp":1787816712157,"kind":"focusout","url":"http://localhost:3000/#contact","viewport":{"width":1707,"height":842},"payload":{"target":{"tag":"a","id":null,"name":null,"type":null,"role":null,"ariaLabel":null,"testId":null,"dataLoc":"client\\src\\pages\\Home.tsx:105","href":"#contact","text":"10 CONTACT","selectorHint":"[data-loc=\"client\\src\\pages\\Home.tsx:105\"]"},"value":null}}
[2026-08-27T07:45:12.560Z] {"timestamp":1787816712171,"kind":"navigate","url":"http://localhost:3000/#contact","viewport":{"width":1707,"height":842},"payload":{"reason":"hashchange"}}
[2026-08-27T07:45:12.560Z] {"timestamp":1787816712199,"kind":"scroll","url":"http://localhost:3000/#contact","viewport":{"width":1707,"height":842},"payload":{"scrollX":0,"scrollY":8,"documentHeight":9026,"viewportHeight":842}}
[2026-08-27T07:45:14.439Z] {"timestamp":1787816712717,"kind":"scroll","url":"http://localhost:3000/#contact","viewport":{"width":1707,"height":842},"payload":{"scrollX":0,"scrollY":5815.111328125,"documentHeight":9026,"viewportHeight":842}}
[2026-08-27T07:45:14.439Z] {"timestamp":1787816713219,"kind":"scroll","url":"http://localhost:3000/#contact","viewport":{"width":1707,"height":842},"payload":{"scrollX":0,"scrollY":7864,"documentHeight":9026,"viewportHeight":842}}
[2026-08-27T07:45:18.440Z] {"timestamp":1787816717454,"kind":"focusin","url":"http://localhost:3000/#contact","viewport":{"width":1707,"height":842},"payload":{"target":{"tag":"a","id":null,"name":null,"type":null,"role":null,"ariaLabel":null,"testId":null,"dataLoc":"client\\src\\pages\\Home.tsx:105","href":"#about","text":"01 ABOUT","selectorHint":"[data-loc=\"client\\src\\pages\\Home.tsx:105\"]"}}}
[2026-08-27T07:45:18.440Z] {"timestamp":1787816717664,"kind":"click","url":"http://localhost:3000/#contact","viewport":{"width":1707,"height":842},"payload":{"target":{"tag":"b","id":null,"name":null,"type":null,"role":null,"ariaLabel":null,"testId":null,"dataLoc":"client\\src\\pages\\Home.tsx:110","href":null,"text":"01","selectorHint":"[data-loc=\"client\\src\\pages\\Home.tsx:110\"]"},"x":32,"y":279}}
[2026-08-27T07:45:18.440Z] {"timestamp":1787816717664,"kind":"navigate","url":"http://localhost:3000/#about","viewport":{"width":1707,"height":842},"payload":{"reason":"popstate"}}
[2026-08-27T07:45:18.440Z] {"timestamp":1787816717665,"kind":"focusout","url":"http://localhost:3000/#about","viewport":{"width":1707,"height":842},"payload":{"target":{"tag":"a","id":null,"name":null,"type":null,"role":null,"ariaLabel":null,"testId":null,"dataLoc":"client\\src\\pages\\Home.tsx:105","href":"#about","text":"01 ABOUT","selectorHint":"[data-loc=\"client\\src\\pages\\Home.tsx:105\"]"},"value":null}}
[2026-08-27T07:45:18.440Z] {"timestamp":1787816717686,"kind":"navigate","url":"http://localhost:3000/#about","viewport":{"width":1707,"height":842},"payload":{"reason":"hashchange"}}
[2026-08-27T07:45:18.440Z] {"timestamp":1787816717716,"kind":"scroll","url":"http://localhost:3000/#about","viewport":{"width":1707,"height":842},"payload":{"scrollX":0,"scrollY":8176,"documentHeight":9026,"viewportHeight":842}}
[2026-08-27T07:45:18.440Z] {"timestamp":1787816718251,"kind":"scroll","url":"http://localhost:3000/#about","viewport":{"width":1707,"height":842},"payload":{"scrollX":0,"scrollY":2825.77783203125,"documentHeight":9026,"viewportHeight":842}}
[2026-08-27T07:45:20.437Z] {"timestamp":1787816718766,"kind":"scroll","url":"http://localhost:3000/#about","viewport":{"width":1707,"height":842},"payload":{"scrollX":0,"scrollY":1080.888916015625,"documentHeight":9026,"viewportHeight":842}}
[2026-08-27T07:45:20.437Z] {"timestamp":1787816719969,"kind":"scroll","url":"http://localhost:3000/#about","viewport":{"width":1707,"height":842},"payload":{"scrollX":0,"scrollY":601.7777709960938,"documentHeight":9026,"viewportHeight":842}}
